City,Complete Name
Bengaluru,ADITYA BIRLA FASHION AND RETAIL LIMITED
,MAHINDRA & MAHINDRA LIMITED ( Punjab )
,ADARSHA PACKAGING PVT LTD
Gurugram,BAJAJ MOTORS LIMITED
,C AND S ELECTRIC LIMITED
,SIGMA AUTOMOTIVE MATERIALS PVT. LTD.
,CRAFTSMAN AUTOMATION LIMITED ( Bhiwadi )
Gurugram,Bhagwan Auto Products
,FOCUS ENTERPRISE
,Talbros Engineering Ltd.
,SONIA FORGINGS PVT. LTD.
,C & S ELECTRIC LIMITED ( Uttarakhand )
,JK MAINI PRECISION TECHNOLOGY LIMITED
Gurugram,MKG ENGINEERS
New Delhi,SIRONA HYGIENE PRIVATE LIMITED
,Shrinivas Engineering Autocomponents Pvt. Ltd
,SHIVANI LOCKS PRIVATE LIMITED (UNIT-I)
Rohtak,AISIN AUTOMOTIVE HARYANA PRIVATE LIMITED
An Phuoc Commune,Bosch Vietnam Co. Ltd.
,JONEJA HYDRAULICS PRIVATE LIMITED
,SIGMA CORPORATION (INDIA) PRIVATE LIMITED
,SIGMA MOULDS & STAMPINGS Pvt.Ltd
New Delhi,TABSONS INDIA INNOVATORS PRIVATE LIMITED
Delhi,BPC AUTOMOTIVE PRIVATE LIMITED
Hoshiarpur,INTERNATIONAL TRACTORS LIMITED
Gurugram,Indicators Manufacturing Company
,JBM AUTO LIMITED ( Pithampur )
,KNORR BREMSE INDIA PVT. LTD.
,LUBETECH INDIA
,Mahindra & Mahindra Ltd.
,ONASSIS AUTO LTD.
,S4Sourcing India Private Limited
,Sanko Svance JRG Tooling India Pvt. Ltd
,VE COMMERCIAL VEHICLES LIMITED
Gurugram,APPLIED TECHNO PRODUCTS PVT.LTD.
Bhiwadi,ARGL LIMITED ( Rajasthan )
Gurugram,ARGL LTD
Alwar,BAXY ENGINEERING LIMITED
Pune,CRADLEWISE MANUFACTURING PRIVATE LIMITED
,Denso Haryana Pvt. Ltd. (Jhajjar)
Gurugram,HIGHWAY ROOP PRECISION TECHNOLOGIES LIMITED
,Hi- LEX India Private Limited
Delhi,INDTECH CAPACITORS PRIVATE LIMITED
,MAHINDRA AND MAHINDRA LIMITED (Telangana )
,MOTHERSON TOOLS
,Mita India Pvt. Ltd.
,PREET TRACTORS PVT. LTD.
Gurugram,REVENT PRECISION ENGINEERING LIMITED
,REVENT PRECISION ENGINEERING LIMITED ( UNIT-VI )
,SATYAM PACKAGING
Panchmahal,SETCO AUTO SYSTEMS PRIVATE LIMITED
,Suprajit Engineering Ltd
,TALBROS AUTOMOTIVE COMPONENTS LTD.
,Tsuzuki India Precision LLP
,VFLOWTECH INDIA PRIVATE LIMITED
Haryana,AMALGAMATIONS VALEO CLUTCH PVT. LTD.
Ludhiana,AMRIT SOAP COMPANY
New Delhi,ANAND MOTOR PRODUCTS PVT LTD
Gurugram,ASK Automotive Limited Unit-XII
Vadodara,BANCO GASKETS (INDIA) LIMITED
Gurugram,BAXY LIMITED
,DOZCO INDIA PVT. LTD.
,EXCEL CONTROLINKAGE PVT LTD
Gurugram,HELLA INDIA LIGHTING LIMITED
,JAQUAR & CO. PVT. LTD.
,JAYSHRI PROPACK PVT LTD
,JCB INDIA LIMITED ( JCB BENGALURU PARTS CENTRE )
,Kapil Corepacks Pvt.Ltd.
,PRITIKA AUTO INDUSTRIES LTD. ( Himachal Pradesh )
,PRONK MULTISERVICE INDIA PRIVATE LTD.
,Pearl Engineering Co.
,S L INDUSTRIES
,SHIVALIK BIMETAL CONTROLS LIMITED
Rohtak,SHRI KRISHNA FORGINGS
,A SQUARE CONSTRUCTION COMPANY
New Delhi,ABC MULTAN CALCULATOR-(YR 22-23 )
New Delhi,AVIATION OVERSEAS SUPPLY LOGISTICS PRIVATE LIMITED
New Delhi,BANSAL WIRE INDUSTRIES LIMITED
Gurugram,BEEJAPURI FRESH PRODUCTS PRIVATE LIMITED
Gurugram,BEUMER INDIA PRIVATE LIMITED
Thane,BLAIN ELEVATING TECHNOLOGIES PRIVATE LIMITED
,BRIGHT POLYMERS
,BROTHERS PACKAGING
,Bindra Motors Pvt. Ltd.
Aligarh,CREATIVE & CROFTS INDUSTRIES INDIA PRIVATE LIMITED
New Delhi,CSH Power Himoinsa Private Limited
,D.S.ENGINEERS
Gurugram,DEGANIA MEDICAL DEVICES PVT. LTD.
,DHOOT TRANSMISSION PVT LTD
,DYNAMIC TRANSMISSION LTD
,EKDANTA CORPORATION ( S )
,Elematic India Pvt Ltd
,G M HI TECH
,GANGA ELECTRIC PVT LTD
,GLOBAL INDUSTRIAL CORPORATION
New Delhi,GRANDBULL IMPEX PRIVATE LIMITED
New Delhi,HIBEX INDIA PRIVATE LIMITED
Yamunanagar,ISGEC HEAVY ENGINEERING LIMITED
,Imperial Auto Industries Ltd.
,JAI BHAVANI MATA METWORKS PRIVATE LIMITED
,JAI PARVATI FORGE LIMITED
Gurugram,JBM AUTO LIMITED
,KAMA ENGINEERING WORKS
,KAPOOR  TRADING.
,KAY BOUVET ENGINEERINGS LTD.
,KESAR INDUSTRIES
,LUMAX INDUSTRIES LIMITED ( Pune )
,Lifeline Fire & Safety Systems Limited
,MAHINDRA AND MAHINDRA LTD. ( Jaipur )
New Delhi,MASL CONTROL CABLES PRIVATE LIMITED
,MEGA METALS
,MENON BEARINGS LIMITED
,MICO PLAST INDUSTRIES PVT. LTD.
,MINDA CORPORATION LIMITED
,Maruichi Kuma Steel Tube Pvt. Ltd.
,Metlonics Industries Pvt. Ltd.
,Mitsubishi Electric Automotive India (P) Ltd.
,Motherson Moulds and Diecasting Limited
,ONE87 GLOBAL TRADEPEX PRIVATE LIMITED
Faridabad,PREMIER PLASMOTEC PRIVATE LIMITED
,PSJ TECHNOLOGIES
,QH Talbros Pvt. Ltd.
,Qlar India Private Limited
,R M COMPONENTS PVT LTD.
,R.S. INDUSTRIES
,Raj Kamal Traderds
Bengaluru,SANSERA ENGINEERING LIMITED
,SHREE RAM PACKAGING INDUSTRIES (S)
Rewari,SHRI SHYAM INDUSTRIAL PRODUCTS
,SURLON INDIA LIMITED
,SWARAJ ENGINES LTD.
Gurugram,Shresty India
,TALBROS MARUGO RUBBER PVT. LTD.
,TRELLEBORG INDIA PRIVATE LIMITED
Ahmedabad,TY OPTICS INDIA PRIVATE LIMITED
,Trusco Nakayama Corporation
,UTKARSH ENGINEERING
Gurugram,VEEMAP TECHNOLOGIES PRIVATE LIMITED
Kolkata,WABTEC TEXMACO RAIL PRIVATE LIMITED
,WIPRO KAWASAKI PRECISION MACHINERY PRIVATE LIMITED
Alwar,3D ENGINEERING
New Delhi,AAYUSH FIRE PROTECTION
Uttar Pradesh,ABS SYSTEMS & SERVICES PVT LTD ( UP )
New Delhi,ABS Systems And Services (P) Ltd.
New Delhi,ACUMEN MANAGEMENT PARTNERS LLP
Noida,ADITYA INFOTECH LIMITED
Gurgaon,ADITYA SALES
Bhiwadi,AGGARWAL INDUSTRIAL SOLUTIONS
Bhiwadi,AGGARWAL STEELS
Bhiwadi,AGGARWAL STEELS ( NEW )
Gurgaon,AIRTEL RELATIONSHIP NO. 11448299
Solan,AIS ADHESIVE LIMITED
Noida,AKG PLASTICS PVT LTD
Bawal,ALIGN ART
New Delhi,ALSUN ENTERPRISES
Haridwar,ALUDECOR LAMINATION PVT LTD
Rewari,AMAR MOTOR COMPANY
Bawal,AMARNATH INTERNET SOLUTION PRIVATE LIMITED
New Delhi,AMBA TRADERS
Bawal,AMIT CONTT.
Bawal,AMRESH CHAND - CONT
Bawal,ANANDRAO PANDURANG WAYKAR
Bawal,ANHAD ASSOCIATES
Uttar Pradesh,APL APOLLO TUBES LIMITED 1
Gurgaon,ARCHIE LANDSCAPE
New Delhi,ARORA TRADING CO.
Faridabad,ARRANT METALS PRIVATE LIMITED
New Delhi,ASAP HARDWARE SOLUTIONS
Mumbai,ASHTE LOGISTICS PVT LTD
Pantnagar,AUTOLINE INDUSTRIES LTD
Bawal,AVNI ENTERPRISES
Gurgaon,AXALTA COATING SYSTEMS INDIA PVT LTD
Rewari,AXCEL  GASES
New Delhi,AZZURE PAINTS & CHEMICALS
Manesar,Aarohi Steels
Gurugram,Abc Pvt Ltd
Dharuhera,Abhishek Automobiles
Pune,Adinarayan Engineering Pvt. Ltd.
Rewari,Aggarwal Furniture
Bawal,Aggarwal Gases & Industries
Vapi,Allied Spares & Auto Parts MFG. Co. (P) Ltd.
New Delhi,Amba Trading Co.
Bawal,Amit Kumar Contractor
Manesar,Anash Marketing
Bawal,Anuj Kumar - Contractor
Pantnagar,Anusaya Auto Press Parts Pvt Ltd.
New Delhi,Arihant Infocom
Gurgaon,Aryan Packaging
New Delhi,Ashish Popli Design
Gurgaon,Ashoka Battery House
New Delhi,Auto Source
Bawal,B N FABRICATOR
Rewari,B.K. AUTO PARTS
Rewari,B4S  COMPLETE SOLUTIONS
New Delhi,BADRI ENGINEERS
New Delhi,BAJAJ ALLIANZ GENERAL INSURANCE COMPANY
Bawal,BALAJI ENGG. & FABRICATION  WORKS
New Delhi,BALAJI PRECISION COMPONENTS PVT. LTD.
New Delhi,BALAJI TRANSPORT
Bawal,BALBIR SINGH-CONT
New Delhi,BARANWAL COMPUTRONIX
Gurgaon,BASCAMOTORWORKS
Pune,BHAGWATI TOOLS PVT. LTD.
New Delhi,BHAGWN SHRI LOCKS PRIVATE LIMITED
Jamshedpur,BHALOTIA ENGG. WORK PVT LTD
Ambala,BHARAT SANCHAR NIGAM LIMITED
Rewari,BHARAT TRUNK HOUSE NEW
Gurgaon,BHAWANI INDUSTRIAL CORPORATION
New Delhi,BHUTANI INTERNATIONAL PVT LTD
Bawal,BKD ENTERPRISES
Gurgaon,BR Marketing & Distributions
Gurgaon,BRISE AIR TECHNOLOGIES PVT LTD
Gurgaon,BS Traders
Gurugram,BUSCH VACUUM INDIA PVT. LTD.
New Delhi,BUSINESS COACHING INDIA LLP
Bawal,Baba Crane Service
Bawal,Bajrang Battery House
New Delhi,Bansal Steel Tube Co.
Bawal,Bawal Auto Fuels
Gurgaon,Benq India (P) Ltd. - HARYANA
Bawal,Bhagat Singh (Cont.)
Bawal,Bhagirath Tailor (Cont.)
New Delhi,Bharti  General Manufacturers (India)
,Bosch LTD. ( PUNE )
,C&S Electric Ltd
Gurgaon,CAPITAL VEHICLES  SALES LTD.- MGF TOYOTA
Gurgaon,CDR FACILITY MANAGEMENT SERVICES
Panipat,CEASEFIRE INDUSTRIES PVT LTD
Bawal,CHANDA HARDWARE & GLASS ALUMINIUM HOUSE
Gurgaon,CHANDRA PRAKASH YADAV- ADVOCATE
Pune,CHEMETALL INDIA PRIVATE LIMITED
Gurgaon,CHHAYA DIE & MOULD CO.
New Delhi,CITY FIRE PRO SYSTEMS
,COASTAL RUBBER EQUIPMENT PRIVATE LIMITED
Gurgaon,COHESIVE TECHNOLOGIES PVT LTD
Jabalpur,COMMERCIAL AUTOMOBILES PVT LTD
New Delhi,CONSULT INDIA NETWORK
New Delhi,CUMMINS SALES & SERVICE PRIVATE LIMITED
Pune,CVG SEATING PRIVATE (INDIA) PRIVATE LIMITED
New Delhi,Ceasefire Industries Limited ( DELHI )
Manesar,Chanchal Agencies
Sonipat,Chandra Lakshmi Safety Glass Ltd.
Pune,Chinta Mani'S
Bawal,Choudhary Traders
New Delhi,D.D AMARNATH
"Timbhi, Valsad",DAISY INDUSTRIES
Dharuhera,DAISY MOTORS
Pune,DAMANI SHIPPING (P) LTD.
Gurgaon,DAWARA ENTERPRISES
New Delhi,DAYAL LABELS
New Delhi,DEE VEE COMMUNICATIONS PVT. LTD
Gurgaon,DEEP GENSETS
New Delhi,DEEWANSHI COMPUTER
New Delhi,DELHI MACHINERY STORES
Gurgaon,DEO ENGINEERING CONSULTANTS
Bawal,DEVA TRAVELS & TRANSPORT
Pune,DEWAS METAL SECTIONS LTD
Bawal,DHARAM PAL REGAR ( CONT )
Bawal,DHBVN Ltd.
Faridabad,DIGITAL INSTRUMENTATION
New Delhi,DJS _ AUTOMOTIVE
Gurgaon,DURGA METAL
,DUROSHOX INTERNATIONAL PVT. LTD.
,DUROSHOX PRIVATE LIMITED
Sonipat,DYNEMECH SYSTEMS PVT. LTD.
Gurgaon,Davy Air Services
Faridabad,Dee Kay Product
,Demo Manufacturing Ltd
New Delhi,Design Direct
Faridabad,Digital Calibration Technology
Gurgaon,Divine Innovation
Bahadurgarh,Duratuf Glass Industries (III)
New Delhi,Duratuf Glass Industries (P) Ltd - Unit II
New Delhi,Durian Industries Ltd.
Pune,EFTEC ( INDIA ) PVT LTD
Pune,EMDET ENGINEERS PVT LTD
Jodhpur,ESDEE PAINTS LTD JAIPUR
Ahmedabad,ESDEE PAINTS LTD. - Gujrat
Bhilwara,ESSPAL INTERNATIONAL PVT LTD
Gurgaon,EURONICS INDUSTRIES  PVT LTD
Bhiwadi,EVERGREEN ENTERPRISE
Gurgaon,EXAINFOTECH (I) PVT LTD
Mumbai,EXCELENCIA INDUSTRIES
New Delhi,EXPRESS CARGO CONTAINERS
Pune,Electrica Engineers (I) Pvt. Ltd.
Gurgaon,Elegant Car Interiors
Lucknow,Emprise Marketing
New Delhi,Eram Manpower Services
"Parnera,Valsad",Excel Alugraphics Pvt.Ltd.
Noida,Extra Marks Education India (P) Ltd.
Bawal,FARMAN ALI
Rewari,FAST GRIP
Ahmedabad,FOCUS LIGHTING & FIXTURES LTD. (GUJRAT)
Mumbai,FOCUS LIGHTING & FIXTURES LTD. (Maharashtra)
Gurgaon,FUTURE GENERAL INDIA INSURANCE CO LTD
Bawal,Fine Coat's
Gurgaon,Fire & Safety Hubs
New Delhi,Fusicox International
Manesar,G.S. HARDWARE
Faridabad,GANPATI STEEL
Alwar,GARV ENTERPRISES
Ghaziabad,GAURAV STEELS
Rewari,GIAN SWEETS
Vadodara,GITAPB AUTOMOTIVE INDUSTRIES PVT LTD
Gurgaon,GLOBAL TRADERS-OTHERS
Suryapet,GMR TRUCK AND BUS WHEEL ALIGNMENT SOLUTIONS
Bawal,GOINDI ENGINEERING WORKS PVT LTD
Manesar,GOLDMINE ASSOCIATES
Ahmednagar,"GOVT. OF INDIA, MINSTRY OF DEFENCE"
Rewari,GOYAL CHEMI TRADE PVT LTD
Gurgaon,GR ALUMINIUM & GLASS HOUSE
Gurgaon,GR SALES CORPORATION
New Delhi,GRK Info Service Pvt. Ltd
New Delhi,GS1 INDIA
Gurgaon,GUJARAT ENVIRO-PROTECTION AND INFRASTRUCTURE PVT LT
Manesar,GUPTA ENGINEEERING WORKS
New Delhi,GUPTA IRON & STEEL CO.
Rewari,Garg Timber & Iron Industries
Ghaziabad,Gaurang Products Pvt. Ltd.
Manesar,Geeken Seating Collection (P) Ltd.
Gurgaon,Gera Electronic World
Bawal,Ghanshyam Trading Co.
Rewari,Gobind Plywood Traders
New Delhi,Goodluck Industries
Bawal,Gopal
New Delhi,Gulati Rexine Emporium (P) Ltd.
Bawal,Gupta Industrial Traders
Rewari,Gupta Paints & Hardware Store
Bawal,H&H WAREHOUSE SOLUTION
Rewari,HANS RESORTS
Faridabad,HANU INDUSTRIES
Jaipur,HANUMAT MACHINE TOOLS
Bawal,HARESHWAR CONT.
Gurgaon,HARSH METAL
Gurgaon,HARYANA ENVIRONMENT MANAGEMENT SOCIETY
Rewari,HARYANA MACHINERY STORE
Panchkula,HARYANA STATE INDUSTRIAL AND INFRASTRUCTURE DEV._x000D_
Rewari,HARYANA STEEL
New Delhi,HDFC BANK LTD
New Delhi,HEAT WATT ELECTRICALS
New Delhi,HELLOJI HOLIDAYS PRIVATE LIMITED
Faridabad,HENU INDUSTRIES
Palwal,HFC India Private Limited
Ahmedabad,HGR LOGISTICS PVT. LTD
Manesar,HI TECH POWER SYSTEMS
Meerpur,HIM IMPERIAL AUTO GLASS WORKS
New Delhi,HIMAL SUPPLY INDIA PVT LTD
Gurgaon,HIMGIRI AUTOMOBILES PVT LTD.
Bawal,HKS HARDWARE & ELECTRICAL
New Delhi,HN ENTERPRISES
,HOLISOL LOGISTICS PVT. LTD. ( Delhi )
Dharuhera,HORIZON INDUSTRIAL SOLUTIONS
New Delhi,HOT BELT INDUSTRIES
Bawal,HSIIDC Ltd.
New Delhi,Harichand Sudarshan Kumar
Rewari,Haryana  Gas Service
Gurgaon,Haveli Ram Bansi Lal
Rewari,Himani Communcation & Generator
,Honda Motor India ( Rajasthan )
,Honda Motorcycle and Scooter India (P) Ltd.
Bawal,Hotel Green Orch ( Bawal )
Panchkula,IDEA CELLULAR LIMITIED
New Delhi,IJS Electronics
Bengaluru,IMPACT SAFETY GLASS WORKS PVT LTD
New Delhi,INDIAN PRESS SHARING MACHINE
Neemrana,INDO TECH COMPANY
Bawal,INDUSTRIAL TOOLS AND FABRICATION WORKS
Faridabad,INFINITI RETAIL LTD
New Delhi,INSAT EQUIPMENT INDIA PVT LTD
Pune,INTERSTATE CARRIER - PUNE
Pune,INTERSTATE TRANSPORT CORPORATION
Manesar,ISHMAN AUTO ELECTRICP. LTD. (HARYANA)
New Delhi,ISHMAN AUTOELECTRIC PVT. LTD. UNIT-2 (DELHI)
New Delhi,ISHMAN COMPONENTS LLP- DELHI
Manesar,ISHMAN COPONENTS LLP ( UNIT -2)- HARYANA
Bawal,ISHWAR ROADLINES
,India Yamaha Motor Pvt. Ltd.
Gurgaon,Indokote Industries
New Delhi,Infinity Cars - New Delhi
Bhiwadi,Innovative Resins (P) Ltd.
Manesar,International Centre for Automotive Technology
Gurgaon,J B S Steels Pvt. Ltd.
Rohtak,J.C.Fasteners Ltd.
Rewari,J.D Hose & Engg. Works
New Delhi,J.N. GOPAL & CO. PVT. LTD.
Bawal,J.P. REFRIGERATION & ELECTRICAL WORK
Bawal,JAGDAMBA ROLLING SHUTTER
New Delhi,JAI SATYA LIGHTING
Faridabad,JAI SHREE LAXMI ENTERPRISES
Bawal,JAI SHREE SHYAM ENTERPRISES
Mumbai,JAV TRADING COMPANY
Faridabad,JAY KAY COMPUTER
Bawal,JAYARAM PARIDA- CONTRACTOR
Bilaspur,JINDAL STAINLESS LIMITED PATHREDI
Gurgaon,JIO DIGITAL LIFE A/C NO 90032079462
Bawal,JITENDER KUMAR YADAV - CONT.
New Delhi,JK SAHIL AGGARWAL
Rewari,JMD Traders
Mohali,JP PAINTING SERVICE
Manesar,JPS RESIDENCY AND HOSPITALITY SERVICES
Ambala,JS Automotives
Bawal,JUGALKISHOR-CONT_x000D_
Manesar,Jagdamba Fabricators
Rewari,Jain Hardware & Electric Store
New Delhi,Jaspal Trailer Works
New Delhi,Jawahar Steel Industries
Jaipur,K P ENGINEERS
Bawal,K S CRANE SERVICE
Rewari,KAILASH FURNITURE
Dharuhera,KAMAL ELECTRICALS
Samrala,KANG PROFILES
Bawal,KANHA ENGINEERING PVT LTD
Bawal,KAPOOR & SONS
Bawal,KARAN KUMAR (CONT.)
Noida,KD ENTERPRISES
Pune,KETKI DIES & TOOLS PVT. LTD.
New Delhi,KHANDELWAL & CO.
New Delhi,KHATTAR MACHINERY STORE
Bawal,KHURSHID (CONT.)
Khushkhera,KHUSHI ENTERPRISES
Gurgaon,KONARAK SALES CORPORATION
Gurugram,KONOIKE INDIA PRIVATE LIMITED
,KONOIKE INDIA PRIVATE LIMITED (CHENNAI)
Rewari,KRISHANA ENTERPRISES
Bawal,KRISHNA UDYOG
Bawal,KUMAR ELECTRICAL WORKS ( SUTHANA )
Bhiwadi,KUMAR ELECTRICALS
Gurgaon,KUMON INDIA EDUCATION PVT LTD
Bawal,Kapil Dev  ( Contractor )
New Delhi,Keyman Locking Devices
New Delhi,Kiran Roadways {P} Ltd.
Bawal,Kk Electrical Works
Gurgaon,Kold-King
Gurgaon,Koolmax International
Faridabad,Krishna Abrasives Co.
Gurgaon,Krishna Engineering
Rewari,L V INDUSTRIAL SOLUTIONS
Bawal,LAMBA ENTERPRISES
Ghaziabad,LANDMARK CRAFTS PVT. LTD.
New Delhi,LASER CUTTING WORK
Bawal,LASER-CUT SOLUTIONS
Noida,LEGERO LIGHTING IND PVT LTD
Bawal,LIBERTY GENERAL INSURANCE LIMITED
New Delhi,LUXERON PRIVATE LIMITED
Rewari,LUXMI ROLLING SHUTTERS
Gurgaon,Light Power Control
Bhiwadi,Linde India Limited
Rohtak,M G MOTORS
Haridwar,M K ENTERPRISES
Manesar,M R ENTERPRISES
New Delhi,M. K. Sanitary & Hardware Store
Bawal,M.L.Engineering Works
New Delhi,M.R. Malhotra & Co.
Faridabad,M.V. TRADERS
Rewari,M/S DHARAM BHATTA CO.
Bawal,M/S RAJ TRANSPORT COMPANY
Bawal,M/S Sherawat Technologies
Bawal,M/s Dalip Service Station
Sonipat,M/s Kansal Colour Roofings India (P) Ltd.
Pune,M/s PREMIUM LIFESTYLE AND FASHION INDIA PUNE
Bawal,M/s Parvati Cement & Marble Store
Rewari,M/s R.K Tiles & Satitary Shoppe
New Delhi,M/s Shyam Lal Anil Kumar
,MADRAS INDUSTRIAL TECHNOLOGIES PRIVATE LIMITED
Rewari,MAHADEV TRADING COMPANY
Mumbai,MAHARASHTRA PIPE DISTRIBUTOR
New Delhi,MAHAVIR STEELS
Bawal,MAHESH CHAND
Bawal,MAHESH CONTRACTOR (HASANPUR)
Bawal,MAHESH SINGH(PAINT CONT)
Bawal,MAHIPAL SINGH BOCHALYA ( CONT )
New Delhi,MAKINOTECH ENGINEERS
Pune,MALHAR INFRA ENGINEERING
New Delhi,MANGLA  HOISTS PVT LTD
New Delhi,MANUMIT AUTOMATON LLP
Matoda,MARVEL GLASS PVT LTD
New Delhi,MASTRA INC
New Delhi,MATRIX CAR DECOR
Manesar,MAXBROS VENTURES INDIA LTD
Bawal,MAYANK TRADING COMPANY
Bawal,MEHARBAN SAFFI -  CONTRACTOR  OLD
Bawal,MEHTAB KHAN - CONT.
Noida,MEKTRONIXS TECHNOLOGIES PRIVATE LIMITED
New Delhi,METAL WORLD-OTHERS
New Delhi,METALTECH INDIA PVT. LTD.- DELHI
New Delhi,METALTECH MOTORS PVT. LTD.
New Delhi,METALTECH MOTORS PVT. LTD. HO SALE\PUR
,METSO INDIA PRIVATE LIMITED
Faridabad,MGRN INDIA CORPORATION
Pune,MIT STEEL
Gurgaon,MM Traders
Gurgaon,MODERN MATERIAL ENGINEERING COMPANY
New Delhi,MOHAN LAL & SONS
Bawal,MOHAN RAM TRANSPORT CO.
Bawal,MOHIT SHARMA
Bawal,MONU SINGH ( PAINT CONT )
New Delhi,MRP Enterprises Ltd.
Bawal,MS LASER WORKS
Ambala,MS Motors (Ambala)
Jaipur,MS Motors (Jaipur)
Bhiwadi,MW WIRETEC PVT. LTD.
New Delhi,Machine Dynasty
Manesar,Mahabir Crane Service
Rewari,Malhotra Trading Co.
Rewari,Malik Bearing House
New Delhi,Manak Enterprises
Rewari,Manoj Electricals
New Delhi,Manoj Hardware
Rewari,Mehta Fancy Cloth House
Bawal,Micro Mesh India (P) Ltd.
New Delhi,Micro Software Solutions Lab
Bhiwadi,Micro Wiremesh Private Limited
Gurgaon,Mode Refrigertion Corporation
Gurgaon,Modern Business Solutions
Faridabad,Modern Graphics
Rewari,Mohan Paints & Hardware
Bawal,Mohd. Khurshid
New Delhi,Mondax Technology Pvt. Ltd.
New Delhi,Motor Lamp Auto Electrical Pvt Ltd.
New Delhi,Motor Sales Company
Bawal,Mukesh Carpanter
Bawal,Mukesh Kumar
Gurgaon,Murti Electricals
Bawal,Muskan Photo Studio
New Delhi,N FUJI ELEVATORS COMPANY
Rewari,N.K ELECTRICALS WORKS
Gurgaon,N.K PROSALE PVT LTD
New Delhi,N.S.I. ELECTRONICS
Chandigarh,NANDWANI & ASSOCIATES
Gurgaon,NANNAI MAL JANKI DAS (GUR.)
Bawal,NARENDER SINGH
Gandhinagar,NATIONAL FORENSIC SCIENCES UNIVERSITY
Gurgaon,NAVEEN TEMPO SERVICE
Gurgaon,NAVYUG MARKETING
Gurgaon,NCR Vehicles (P) Ltd.
Rewari,NEEL KAMAL MOTORS
Bawal,NEERAJ KUMAR CONT
Bawal,NEHA GEHLOT
New Delhi,NETSYS NETWORK PVT LTD
Gurgaon,NH TRADING CO.
New Delhi,NIPPON INDUSTRIES
New Delhi,NIS MARKETING PVT. LTD.
Bawal,NISHA ENGINEERING WORKS
Chennai,NRS Solutions A Co.
New Delhi,NRS WELDING TECHNOLOGIES
New Delhi,Nabha Advertising & Marketing
Bawal,Nanak Sanitary Ware
Bawal,Nand Lal Cont.
Rewari,Narender Kumar Vinay Sheel
Gurgaon,National Glass House
New Delhi,National Hardware Syndicate
New Delhi,National Traders
New Delhi,Nav Bharat Trading Corpn
Faridabad,Naveen Steels
Gurgaon,Navkar Iron Store
Gurgaon,Navyug Enterprises
Gurgaon,Neelam Steel Corporation
Jaipur,Neha Sales Corporation
Gurgaon,New Bharat Furniture Works
Bawal,New Chauhan Transport Company
Bawal,Nimbal Enterprises
Gurgaon,Nirmal Industrial Products
New Delhi,Nupur Enterprises
Gurgaon,OM LOGISTICS LTD - HARYANA
Pune,OM LOGISTICS LTD- PUNE
New Delhi,OM SAI CABLETRONICS
Gurgaon,OPTIMUS TECH SOLUTIONS PRIVATE LIMITED
New Delhi,Oberoi Enterprises
New Delhi,Om Electric Corporation
New Delhi,Om Enterprises- Delhi
Panipat,Om Tex Engineering
New Delhi,Om Trading Co.
Manesar,Om Trading Company
Gurgaon,OmTulsi Electricals
New Delhi,Omco Tools
Rewari,Onkar Interior
Chennai,Orient Impex
Faridabad,Oto Industries
New Delhi,P. Chander Bhan Krishan Lal & Sons
Faridabad,P.P. ENTERPRISES  NEW
Faridabad,P.P. Enterprises
Rewari,P.S. Jain Enterprises
Gurgaon,PAHUJA AIRCON PVT. LTD. ( NEW )
Rewari,PAL SVAM POWER SOLUTIONS PVT LTD
Gurgaon,PALAK COURIER SERVICES ( NEW )
New Delhi,PANKAJ JAIN- CONSULTANT
New Delhi,PARKASH & CO
Gurgaon,PASCO MOTOR LLP
Bawal,PAWAN KUMAR ( CONT )
Gurgaon,PEARL BATH AND TILES
Gurgaon,PERFECT ALL SOLUTIONS
New Delhi,PERFECT PLASTIC INDIA
New Delhi,PERFORMANCE CARS PVT LTD
New Delhi,PIYUSH TRADING CO.
Dharuhera,PMI Coaches Pvt. Lt.
Manesar,POOJA DISPLAY SIGNAGE
Ahmedabad,PPG ASIAN  PAINTS PVT. LTD. - GUJRAT
New Delhi,PPG ASIAN PAINTS PVT. LTD - DELHI
Pune,PPG ASIAN PAINTS PVT. LTD - MAHARASHTRA
Mohali,PPG ASIAN PAINTS PVT. LTD - PUNJAB
Gurgaon,PPG Asian Paints Pvt. Ltd. (HARYANA)
Mumbai,PRATEEK EXPLOSIONPROOF PVT LTD
New Delhi,PREET & SONS
Bawal,PREETI
New Delhi,PREMIUM DIGITAL ADS
Gurgaon,PREMIUM LIFESTYLE AND FASHION INDIA PVT LTD
New Delhi,PRINTING POINT
Noida,PRUDENT DEVICES
Gurgaon,PS Engineering Works
Ambala,Pacific Auto India
Gurgaon,Pahuja Aircon
New Delhi,Palson Auto Traders
Rewari,Pankaj Engineering
Bawal,Parvati Cement & Marble Store
Ambala,Pasco Motors
New Delhi,Pavitra Enterprises
Jaipur,Perfect Industries
Pune,Pinnacle Industries Ltd.
Gurgaon,Pioneer Hardware Products Pvt. Ltd.
New Delhi,Pipe Linkers
New Delhi,Poddar Interiors
Jamshedpur,Polycab Premiers (P) Ltd.
Bawal,Posco India Delhi Steel Processing Centre (P) Ltd.
Pune,Power Electronics
New Delhi,Power Sales
Gurgaon,Power Sales & Services
New Delhi,Prabhati Lal & Sons
New Delhi,Prabind Kumar Sharma
New Delhi,Prakash Steel Co.
Bawal,Pramod Enterprises
Bawal,Praveen Kumar
Pune,Precision Testing Machines Pvt Ltd.
New Delhi,Precision Tubes & Hydraulics
Rewari,Prem Prakash Meena (AC Service)
New Delhi,Premier Bath Gallery
New Delhi,Print Expo Solutions
New Delhi,Puneet Enterprises
Rewari,Purushottam Daas & Brothers
Manesar,R P Lasertech (P) Ltd.
Bawal,R S INDUSTIRES
Rewari,R-Tech
Rewari,R.B.Steels
Bawal,R.K Enterprises
Faridabad,R.K. Profiles (P) Ltd.
Manesar,R.K.Electricals
New Delhi,R.L. Bhatia & Sons
New Delhi,R.M. Auto Agency
New Delhi,R.N. CABLETRONIC
Faridabad,R.S. Bhatia Engineering Works
Bawal,R.V. Trading Comp.
Khushkhera,RADICAL INDUSTRIES
,RAICAM AUTOMOTIVE PRIVATE LIMITED
Rewari,RAIDON ENTERPRISES
New Delhi,RAJ DIGITAL PHOTO STUDIO AND COLOUR LAB
Bawal,RAJ SHUTTERING STORE
Rewari,RAJASTHAN INDUSTRIAL HUB
Bawal,RAJPAL PLYWOOD AGENCY
Faridabad,RBS Industries
Bawal,RELIABLE WIRING SOLUTIONS
Bawal,RELIANCE JIO INFOCOMM LIMITED
Manesar,RELSOL
New Delhi,RICO ENTERPRISES
New Delhi,RIFE TECHNOLOGIES
Bawal,RISHIPAL SINGH TRANSPORT COMPANY
New Delhi,RITES LTD
Pune,ROHAN ENTERPRISES
Ghaziabad,ROOFTEC SOLUTION
Neemrana,ROYAL ENTERPRISES
Gurgaon,ROYAL PAINTS & CHEMICAL
Pune,ROYAL PRESSING
Bawal,ROYAL RESIDENCY RESORT
Bawal,RSM ENTERPRISES
Gurgaon,RTC International Business P.Ltd
Bawal,RUBYCO INTERNATIONAL
Rewari,RUJUL TRADERS
Hyderabad,RUNFLAT TIRE SYSTEMS
Rewari,RYR Traders
Jaipur,Radhika Minerals Pvt Ltd.
Khushkhera,Radical Component
New Delhi,Radionics
Bawal,Raghuveer Mandal ( Cont )
Bawal,Rahee Gas Service
Gurgaon,Rahul Enterprises
Gurgaon,Rahul Facility Management
Rewari,Rahul Pipes
Bawal,Raja Paints India (P) Ltd.
Gurgaon,Rajasthan Stainless
Manesar,Rajdhani Traders
New Delhi,Rajinder Kumar
New Delhi,Ram Gopal Traders
New Delhi,Ram Singh & Sons
Rewari,RamChand Ved Prakash
New Delhi,Rama Rolling Shutter Works
Rewari,Ramchander & Sons
New Delhi,Ramjas Road Lines
Gurgaon,Rampravesh
Bawal,Rao Industries
Bawal,Ratan Lal Babu Lal
Gurgaon,Rattan Trading  Company
Gurgaon,Ravinder Kumar
Gurgaon,Rohan Infotech
Noida,Ronam Technologies Pvt Ltd
New Delhi,Roshan Lal & Company
Gurgaon,Royal Hardware & Tools
New Delhi,Royal Industries
New Delhi,Rudra Associates
New Delhi,Rudra Associates - OTHERS
Gurgaon,Rudraksh Enterprises
Gurgaon,S R ENTERPRISES
Gurgaon,S R OVERSEAS
Pune,S&S INDUSTRIES
Rewari,S. K FRESH WATER
Pune,S. S. ENGINEERING WORKS
Bawal,S.B. TRADERS
Gurgaon,S.I. Tools
New Delhi,S.K. Traders
Gurgaon,S.K.Trading Co.
Faridabad,S.Kumar & Co.
New Delhi,S.M. Steel
Rewari,S.M.S.ENTERPRISES
New Delhi,S.P STEEL CO.
Bawal,S.P.M PUBLIC SCHOOL BAWAL
Pune,S.R . BHONDAVE TRANSPORT
Bawal,S.R. ENTERPRISES BAWAL
New Delhi,S.R. LITES
Faridabad,S.R. Trading Company
Rewari,S.R.A. Retails (P) Ltd.
New Delhi,S.S Electrowoks Pvt. Ltd.
Bhiwadi,S.S PAINT &  HARDWARE STORE
Rewari,S.S. Trading
Rewari,SAFE & MULTI PURPOSE ENGINEERING WORKS
Ghaziabad,SAFETY MOVEMENT INTERNATIONAL
Manesar,SAI HYDRAULICS.
Bhiwadi,SAI JI LOGISTIC
Ghaziabad,SAI ROOFING SOLUTION
Jamshedpur,SAI SERVICE STATION
Bawal,SAINI STEEL STORE
Faridabad,SAKSHAM ACCURATE SCALES
New Delhi,SALUJA SALES
New Delhi,SAMARTH LIFESTYLE RETAILING PRIVATE LIMITED
Bahadurgarh,SANGAM INDUSTRIES
Faridabad,SANJEEV INDUSTRIAL CORPORATION
Pune,SAP SEMI PRIVATE LIMITED
Palwal,SAPPHIRE FOREX PVT LTD
Bawal,SAROJ CONTRACTOR
Bawal,SARVANG SURVEILLANCE SECURITY SYSTEM
Gurgaon,SATHYANARAYAN HARISH CHAND
Bhopal,SATURN AUTO LINKS PVT LTD
Faridabad,SATYAM PETRO CHEMICAL
Bawal,SAUNU SHRMA
New Delhi,SAVERA ENTERPRISES
Gurgaon,SBM FACILITY MANAGEMENT SERVICES PVT. LTD.
New Delhi,SCOTTS AUDIOTRONIX
Mumbai,SEAPORT LINES (INDIA) PVT LTD
New Delhi,SETHI AUTO & TOOLS AGENCY
Bawal,SHAHID  S/O HARUN - CONT.
Bawal,SHAMBHOO PAINTER ( MANESAR )
Gurgaon,SHEETAL POWER PROJECTS
Bawal,SHIV IRON & STEELS
Ahmedabad,SHIV SHAKTI LOGISTIC
Bhiwadi,SHIVA INDUSTRIES
New Delhi,SHIVA MOTORS
Ghaziabad,SHIVANI STEELS
New Delhi,SHIVAY INDIA TRADING COMPANY
Faridabad,SHREE ABRASIVES
Bawal,SHREE ANJNA TRADING CO.
Bawal,SHREE JEE ENTERPRISES
Gurgaon,SHREE RAJASTHAN GASES
Gurgaon,SHREE SHYAM AGENCY  NEW
Bawal,SHREE SHYAM BUILDING MATERIAL SUPPLIERS
Bawal,SHREE SHYAM ELECTRICAL AND HARWARE STORE
Bawal,SHREE SHYAM ENTERPRISES
Bawal,SHREE SHYAM ENTERPRISES BAWAL
Bawal,SHRI BALA JI AIRCON
Bawal,SHRI BALA JI ENTERPRISES
Bawal,SHRI BALA JI STEEL
Bawal,SHRI BALAJI TRADING CO.
Gurgaon,SHRI GANESH AUTO GLASS PVT LTD
New Delhi,SHRI GOBIND HARI MOTORS
Bawal,SHRI KRISHNA AUTOMOBILES
Bawal,SHRI NAINA ENTERPRISES
Manesar,SHRI RAM HARDWARE STORE
Rewari,SHRI RAM PLACEMENT SERVICES
Noida,SHRI RAMA INDUSTRIES
Bawal,SHRI SHYAM ENGINEERING WORK ( BAWAL )
Gurgaon,SHRI SHYAM TRADING
Bawal,SHRI SHYAM TRADING COMPANY
Bawal,SHRI TIRUPATI BALAJI ELECTRONIC PVT LTD
Bawal,SHYAM ENTERPRISES
Manesar,SHYAM HARDWARE STORE
Bawal,SINGH RAGHVENDRA AMAR
New Delhi,SIPHON ELECTRONICS
Palwal,SITA SINGH & SONS PVT LTD UNIT-II
Gurgaon,SK GOLDEN TRANSPORT CO.
Gurgaon,SKILL KRAFT PRODUCTIONS
Pune,SKM STEEL LIMITED
,SKODA AUTO VOLKSWAGEN INDIA PRIVATE LIMITED
Gurgaon,SKYWING CARRIERS PVT LTD
Pune,SM AUTO ENGG PVT. LTD
Gurugram,SOCOMEC INDIA PRIVATE LIMITED
Bawal,SOHAN SINGH KIRYANA STORE- OTHERS
New Delhi,SOMANI ENTERPRISES
Bawal,SONI ELECTRIC STORE & REPARING WORKS
New Delhi,SPARC INFOTECH PVT. LTD.
New Delhi,SPARK WELD & COMPANY
New Delhi,SPECTRO Analytical Labs Ltd.
Noida,SPHEROS MOTHERSON THERMAL SYSTEM LIMITED
New Delhi,SPICEJET LIMITED
Bawal,SPIRE INNOVATIVE EN
Bawal,SQUARE & CIRCLE
Gurgaon,SRG BUILDTECH INDIA PVT. LTD.
Bawal,SRISHTI ENGINEERING
Bawal,SS COMMUNICATION
Gurgaon,SS ENGINEERS
Manesar,SS Ploymers
Mumbai,SSAB SWEDISH STEEL INDIA PVT LTD
New Delhi,SSDN TECH INDIA
Gurgaon,SSV Engineering
Faridabad,STANDARD STRIPS INDIA PVT. LTD
New Delhi,STAR SIGNAGE INDIA
Bawal,STAR SPECIAL AIR GASES (P) LTD - BAWAL
Manesar,STAR SPECIAL AIR GASES (P) LTD.
Gurgaon,STAR WIRE (INDIA) LIMITED
New Delhi,STEEL INDIA CORPORATION
Bawal,SUBHAM TRADING COMPANY
Bawal,SUBHAN CONTRACTOR- OLD
Bawal,SUBODH-CONT
Bawal,SUDARSHAN INDUSTRIES
Rajkot,SUKHLAL MULCHAND AND SONS
Bawal,SUMAN
Pune,SUN ENGINEERING
,SUNBEAM LIGHTWEIGHTING SOLUTIONS PVT. LTD.
Bawal,SUNIL KUMAR (TEA MAKER MANESAR)
Pune,SUNRISE ENTERPRISES
New Delhi,SUPREME TOOLS
Bawal,SURAJ ELECTRICALS
Bawal,SURENDER PAVITRA BHOJNALYA & CATTERS
Bawal,SURENDERA ENTERPRISES
Bhiwadi,SWARA ENTERPRISES ( CONT. )
Bhiwadi,SWASTIK ENGINEERING
Gurgaon,SWATI RANA
Mumbai,SYNDICATE WIPER SYSTEM PVT. LTD.
New Delhi,Sachdeva Transport Service
New Delhi,Safex Fire Services Ltd.
Gurgaon,Sagar FRP Industries
Manesar,Sagar Scientific  Works India Pvt. Ltd.
Gurgaon,Sai Engineers
Dharuhera,Saini Fabricators
Manesar,Sameer Safety Signage
Bawal,Sandeep  (Plumber)
Faridabad,Sandeep Steel Traders
Bawal,Sangam Hardware & Electric Store
Rewari,Sanjay Electricals
New Delhi,Sanjay Steels
Bhiwadi,Sant Aluminium (P) Ltd.
Mumbai,Santosh Distributors
New Delhi,Saraswati Hardware & MILL STORES
Bawal,Saraswati Steel Tube
Bawal,Sarjeet Singh Cont. (Plumbring)
New Delhi,Sarna Motor Store
Faridabad,Sarvottam Enterprises
Bawal,Sateesh Kumar
Bawal,Satish Electric Works
Manesar,"Satyaveer Contractor (for ETP, Plant)"
New Delhi,Savelite Trading & Fabrication
New Delhi,Sawhney Plastics
Faridabad,Scientific Age Research & Testing Lab PVT LTD
Faridabad,Scientific Agencies (P) Ltd.
New Delhi,Service Equipment Company
New Delhi,Setia Manufacturing Corpn.
New Delhi,Setia Motors
Ahmedabad,Shah Bhogilal Jethalal & Bros.
New Delhi,Shahzad & Company
Rewari,Shanti Filling Station
Bawal,Sharma Engg. & Fabrication Works
Gurgaon,Sharma Foam & Furniture
Bawal,Sharma Hardware & Iron Store
Dharuhera,Sharma Steels & Pipes
Faridabad,Sharma Trade Links
Rewari,Sharma Traders
New Delhi,Sheetal Sales Corporation
New Delhi,Sherawat Timber Traders
Bawal,Shiv Metal Perforators
Bawal,Shiv Nandi Enterprises
Ahmedabad,Shiv Road Carriers
Faridabad,Shiv Shakti Steel & Metals
Bawal,Shiva Crane Service
New Delhi,Shiva Enterprises
Gurgaon,Shivam Battery House
Faridabad,Sholphin India
New Delhi,Show N Shine
Gurgaon,Shree Baba Ji Tempo Service (Ashok Kumar)
Gurgaon,Shree Enterprises
New Delhi,Shree Ganesh Fabrices
Gurgaon,Shree Ganesh Glass & H/W Store
Bawal,Shree Kalkaji Filling Station
New Delhi,Shree Krishna Infotech
Rewari,Shree Pipe Agencies
Gurgaon,Shree Prakash Enterprises
Vapi,Shree Ratnesh Roadlines
Manesar,Shree Shyam Agency
Gurgaon,Shree Shyam Aqua
Gurgaon,Shree Shyam Electrical & Networking Solution
Bawal,Shree Shyam Printing Press
Rewari,Shree Wheel
Pune,Shreya Industries
Gurgaon,Shri Ganesh Glass & H/W Store
Bawal,Shri Ganesh Trading Co.
Bawal,Shri Guru Nanak Motor Stores
Jaipur,Shri Radhika Nonwoven (P) Ltd.
Bawal,Shri Ram Satring Store
Gurgaon,Shri Ram Welding Material & Hardware
Bawal,Shri Shyam Transport Co.
Rewari,Shrinarayan Sitaram
Gurgaon,Shrishti Electrical Works
New Delhi,Shwonshine
New Delhi,Shyam Aluminium
Gurgaon,Shyam Trading Co.
,Siemens Energy India Limited
Noida,Sign Age (India) Pvt. Ltd.
Gurgaon,Sincere Marketing Services Pvt.Ltd.
Rewari,Sitaram Sofa Maker
Chennai,Snerith Engineers
New Delhi,Softel India
New Delhi,Software Technology Services
Bawal,Sohan Singh (Tea Material Supplier)
Bawal,Sohan Singh Kirayana Store
Bawal,Sonam Filling Station
Bhiwadi,Sonu Traders
Bawal,Specific Tools & Engineerng
Chennai,Speedex
New Delhi,Spencer India Technologies Pvt. Ltd.
Rewari,Sri Krisana Enterprises
Mumbai,Star Metal Fabricators
Ghaziabad,Stride Enterprises
Bengaluru,Sudarshan Auto Electrical Components (P) Ltd.
New Delhi,Sudershan Measuring & Engg. (P) Ltd.
New Delhi,Sudesh Prakash Fasteners
Athal,Sudhir Genset Ltd. Athal Unit
Athal,Sudhir Power Ltd.
Ahmedabad,Sudhir Sales & Services Ltd.
New Delhi,Sumer Chand Aggarwal & Sons
Pune,Sun Cabs
Gurgaon,Sun Hydraulics (P) Ltd.
Rewari,Sunil Iron & Machinery Store
Rewari,Sunil Kumar & Sons
Bawal,Sunil Kumar (Disply Boards)
Bawal,Sunita Devi Cont.
Gurgaon,Sunrise Electrical & Hardware Traders
Gurgaon,Sunrise Industries
New Delhi,Super Systems
New Delhi,Suraj Awnings & Canopies
Bawal,Surender Singh (for Sachdeva Transport Service)
Bawal,Suresh Kumar {Plumber}
Faridabad,Surin Electrosys
Gurgaon,Suvidha Industries
Rewari,Svam Power Plants Pvt.Ltd.
Faridabad,Swami Electricals
New Delhi,Swastic Electrical Works
Gurgaon,Swastik Metals
New Delhi,System Solution
Gurgaon,Sytex Scientific Hydraulics (P) Ltd.
Gurgaon,T & T MOTORS PVT LTD
Rewari,T.S.Electric Works
Pune,TALEGAONKAR PROFILES PVT LTD
Bengaluru,TALLY INDIA PRIVATE LIMITED
New Delhi,TANYA CABLETRONICS
Pune,TATA SIA AIRLINES LIMITED
Faridabad,TATA STEEL LIMITED- HARYANA FARIDABAD
New Delhi,TAYAL SCREW INDIA
Noida,TBS A/C TIMES INTERNET LTD.
Manesar,TECH TRIBE INFOWAYS
New Delhi,TECHNO PERFECTO ENGG. CO.
New Delhi,TECHVOS
New Delhi,TERA ELECTRICALS
New Delhi,TEXAS MEDISURG
Pune,THE AUTOMOTIVE RESEARCH ASSOCIATION OF INDIA
Rewari,THE JOB POINT
Gurgaon,THE NATIONAL SMALL INDUSTRIES CORPORATION LIMITED
New Delhi,THE NEW INDIA ASSURANCE CO. LTD
New Delhi,THUKRAL SALES CORPORATION
New Delhi,TOOL BOX PRODUCTION  HOUSE
New Delhi,TOTAL BATTERY SOLUTION
Gurgaon,TOUCHWOOD GIFT
Ramnagar,TOYOTA KIRLOSKAR MOTOR PVT LTD
New Delhi,TRAVEL EXPRESS
Pune,TREATMETAL ENGINEERS
Bawal,TRUMP AUTO
New Delhi,Tara Enterprises
Gurugram,Target Integration Consultancy Pvt Ltd
Bawal,Tata Canter Union
Faridabad,Tata Ryerson Ltd.
Faridabad,Tata Steel Processing & Distribution Ltd.+
Pune,Techno Industries - Pune
Bahadurgarh,Technology Promoters I.P.Ltd.
Rewari,Technomart (AC)
New Delhi,Tele Point.Com
Gurgaon,Tempo Automobiles (P) Ltd.
,Test Customer
Manesar,Thermo & Allied  Agencies
New Delhi,Thukral Supply Agency
Rewari,Tirupati Motors
Manesar,Trans ACNR Solutions Pvt. Ltd.
Gurgaon,Trimph Auto Engineering (P) Ltd.
New Delhi,Triupati Mangalam Steels
Gurgaon,Triveni Agencies
Pune,Tropicool Car Gadgets (P) Ltd.
Manesar,Tyagi Engineering Works
Gurgaon,Tyagi Safe Weld Enginners
Bhiwadi,Tyagi Sales Corporation
Bawal,UMANG TRADING CO
Bawal,UMESH MISHRA 2
New Delhi,UNIQUE SAFETY SOLUTION
Dharuhera,UNIVERSAL ANALYTICAL LAB-2022-23
Bhiwadi,URSS TECHSERVICES PVT LTD
Rewari,USHA AGENCIES
Ahmedabad,UTKAL ENGINEERS
Gurgaon,UTTAM TOYOTA
Mumbai,Uma Raodways Corporation
Chandigarh,Unique Carriers Pvt.Ltd.
Faridabad,Unique International
Faridabad,Unique Sales
Gurgaon,Unique Sales Company
Gurgaon,Universal Aluminium Emporium
Ballabgarh,Universal Marketing
New Delhi,Upper Indian Electric Co.
Rewari,V & V Sales Corporation
Bawal,V-TRANS- HARYANA
New Delhi,V.R Electronics
Bhiwadi,V.S.ELECTRICALS
New Delhi,V2 Lights
Rewari,VAIBHAV ENTERPRISES
Bawal,VAIDIC
Noida,VASTA ENGINEERING WORKS
Noida,VATS SYSTEMATIC AUTOMATION LLP
,VE COMMERCIAL VEHICLES LIMITED (UNIT- VEPT )
,VE COMMERCIAL VEHICLES LTD. ( RDC )
,VE Commercial Vehicles Ltd.
Gurgaon,VIA ROMANAA FASHIONS (I) PVT. LTD.
Ambala,VICKY KUMAR ( CONTRACTOR )
New Delhi,VIJAY ENTERPRISES- OTHES
Bawal,VIJAY SINGH (CONTRACTOR)
Sonipat,VIKAS INDUSTRIES
New Delhi,VIKAS STEEL TUBE CO.
Manesar,VINAYAK ELECTRICALS
Manesar,VINAYAK POOLS
New Delhi,VIPIN SHARMA
Mumbai,VIRAMA INDUSTRIES PRIVATE LIMITED
Bawal,VJ COMPUTER
New Delhi,VNS International (P) Ltd.
Bawal,VODAFONE IDEA LIMITED
Bengaluru,VRL LOGISTICS LTD
Mumbai,Vadi Lal Enterprises
Chandigarh,Valco Industries Ltd.
Noida,Valeo Motherson Thermal Commercial Vehicles (I) Ltd
Gurgaon,Vanshika Enterprises
Faridabad,Vasu Steel
Gurgaon,Vic Mac Corporation
Gurgaon,Videocon Industries Ltd.
Bawal,Vijay Airconditioning Works
Ahmedabad,Vikas Refrigeration Agency
Ghaziabad,Vikrant Ispat Udyog
New Delhi,Viney  Electricals
Mumbai,Virama Laminats (P) Ltd.
Gurgaon,Vishal Motors
Jaipur,Vishkarma Eng.Works
Bawal,Vishkarma Iran Store
Gurgaon,Vishnu Steels
Behror,Vishvkarma Electronic & Eletrical Work
Bawal,Vishwakarma Enterprises
New Delhi,Vohra Inter- Com
New Delhi,W-Tech Concepts & Marketing
New Delhi,WALIA & SONS
Gurgaon,WHEELS INDIA LIMITED
New Delhi,WIRE ROPE WORLD
Gurgaon,Wazir Chand Malik & Co.
Gurgaon,Wazir Singh
Gurgaon,Welcome Plywoods
Bhiwadi,Wellpack Industries
New Delhi,Weston Cool Breeze
Hindpur,Wipro Enterprises (P) Ltd.
Gurgaon,Wuerth India Pvt. Ltd
New Delhi,Xpresso Enterprises
Pachgaon,YADAV SALES CORPORATION
Jaipur,YASH VAIBHAV CORPORATION
Rewari,Yadav Cement Store
Rewari,Yadav Enterprises
Dharuhera,Yadav Glassess
New Delhi,Yoam Engineers
New Delhi,Yogendra Electric Co.
New Delhi,ZAHIR AHMED MUNNA
Gurgaon,ZEVAR MAHAL
New Delhi,Zing Acnr (P) Ltd.
Sonipat,A-One Tex Tech Pvt. Ltd.
Manesar,A.K Industries
Alwar,AB Packaging Solutions
Bahadurgarh,AEROL FORMULATIONS PRIVATE LIMITED
Bhiwani,ANSH ENTERPRISES
Mohali,APCOS NATURALS PVT LTD P
Coimbatore,APT TOOLS & MACHINERY INDIA PRIVATE LIMITED
Pune,Accurate Packaging Solutions
Greater Noida,Adeera Packaging Pvt. Ltd.
Delhi,Adhesive Solutions
Haryana,Ajit Industries Pvt Ltd
Chennai,Ajit Industries Pvt. Ltd.
,Alabama Department of Labor (AL DOL)
,Alabama Department of Revenue
Mohali,Anand Woods Company
Manesar,Anant Industries
Hosur,Annai Screens
,Aurora Finance Department
Vadodara,Avient Corporation
Pune,Avient Materials India Private Limited
Ballabhgarh,BALAJI THERMOPACK
Gurugram,BENZ PACKAGING SOLUTIONS PRIVATE LIMITED
Delhi,BHAGWAN DASS & SONS (INDIA) PVT. LTD.
Chennai,BINDAL MULTIPACK LLP
Alwar,BOXSMITHS PVT LTD
Chennai,BVM PACK SOLUTIONS PRIVATE LIMITED
Delhi,Baveja Plywood House
Kanpur,Bee Chems
Tamil Nadu,Benz Packaging Solutions Pvt Ltd
Manesar,Bharti Automation Pvt. Ltd
Chennai,Bindal Multipack LLP
Haridwar,C&S Electric Limited (Haridwar)
Chennai,CHENNAI POLYMER HOUSE
Delhi,Century Distributors Pvt. Ltd
Chennai,Chenai Polypack Pvt. Ltd.
,City of Glendale Finance Department
,City of Sheridan Finance Department
,Colorado Department of Labor and Employment
,Colorado Department of Revenue
Vapi,Composite Strap India Pvt. Ltd.
Manesar,Concept Packaging
Bengaluru,Concept Packaging Hub
Pune,Creative Packaging Solutions
Bengaluru,D S Enterprises
Delhi,DELHI PACKAGING HOUSE
Chengalpattu,DGS ENTERPRISERS
Chennai,DYNAMIC COOLING TOWERS
,Denver Treasury Division
Udaipur,EASY FLUX POLYMERS PRIVATE LIMITED
Chennai,Eco- Pack (P) Limited
Gurugram,Electrotek Static Controls Pvt.Ltd
Gurugram,Electrotek Static Controls Pvt.Ltd
,Employment Development Department (EDD) - State of California
Manesar,Encore Modular Furniture Pvt. Ltd
Ahmedabad,Excellent Global Endevors LLP
Noida,FERRETERRO INDIA PVT LTD
Ambala,GALAXY PACKAGING MACHINES
Delhi,GLOBAL PACKAGING SOLUTIONS
Sonipat,GOYAL PLYWOOD LLP
Gurugram,GREENEDGE ECO SOLUTIONS LIMITED
Ahmedabad,Gaurav Engineering
Delhi,Ghansham ICE Box
Delhi,Global Art & Crafts
Delhi,Green Pack India
Sonipat,Greenway Packaging
,Greenwood Village
Gurugram,HIMALYA PACKAGING INDUSTRIES
Baddi,Honeyshield Emballeurs
Bengaluru,IMPAKT PACKAGING
,Internal Revenue Service (IRS)
Chennai,JAI GANESH POLYPACK
Chennai,JAI SAKTHI PACKAGING
Ahmedabad,JAYSHRI PROPACK PRIVATE LIMITED
Gurugram,JIPSCS INTERNATIONAL PRIVATE LIMITED
Gurugram,JIPSCS INTERNATIONAL PVT LTD
New Delhi,JOY PACK (INDIA) PRIVATE LIMITED
Sangrur,JR AGRO INDUSTRIES
Gurugram,JT Papers
Delhi,Jindal Extrusion
Rajkot,KARAM PET - STRAP INDUSTRIES
Sriperumbudur,KAVIYAN SCIENCE PACK PRIVATE LIMITED
Sausar,KONNECTPACKAGING INTERNATIONAL LLP
Manesar,Kapil Core Pack
Navi Mumbai,Lifeline Technologies
Delhi,M/S Vijay Kumar Jain
New Delhi,MARUTI SUZUKI INDIA LIMITED
Gurugram,MAX AIR HVACS INDUSTRIES
Jamnagar,MEDIPACK INDIA
Pune,MERCEDES-BENZ INDIA PRIVATE LIMITED
Pune,MERCEDES-BENZ INDIA PRIVATE LIMITED
Gummidipoondi,MICO PLAST INDUSTRIES PVT LTD.
Delhi,MLM INDIA LTD
Manesar,MLTC Energy India Pvt. Ltd
Sriperumbudur,MSP Inc
Delhi,Manvi Plast India Pvt. Ltd.
Bengaluru,Marmon Technologies India Pvt Ltd
Ghaziabad,Mauryans Industries
Delhi,More Slides
Delhi,Muskan Enterprises
Delhi,NEXA DESIGN
Alwar,NIRAAJ PACKAGING PRIVATE LIMITED
,"Nevada Department of Employment, Training and Rehabilitation"
Ghaziabad,Nidhi Enterprises
Rajkot,OM PLASTIC & PACKSTRAPS LLP
Chennai,P & P Marketing
Manesar,PACKAGING CONCEPTS INDIA
Chittoor,PIC2PAC INDIA PRIVATE LIMITED
Chennai,POLYTAPES INDUSTRIES
Faridabad,PROPAC SALES AND SERVICES
Jhajjar,Packart
Sonipat,Paramount Iron & Steel Works (P) Ltd.
Thane,Polyone Polymers India Private Limited
Chennai,Pon Pure Chemical India Private Limited
Chennai,Pondy Polypack Pvt. Ltd.
Chennai,Pondy Polypack Pvt. Ltd.
Chennai,Popular Plastics
Ghaziabad,Premier Wood Products
Faridabad,Presto Stantest Pvt. Ltd.
Chennai,RAASHI POWERS
Gurugram,RAM Packaging Solutions
Gurugram,RBP SOLUTIONS PRIVATE LIMITED
Faridabad,REGAL ECO PACK
Nagpur,RK Industry
Delhi,ROLLER ACT PRESS SERIVCES
Delhi,Ranjendra
Hosur,Rathna Packaging India Pvt Ltd. (Unit 2)
Manesar,Riello Power India Private Limited
Delhi,Rupam Zip Lock
Delhi,Rupam Zip Lock
Manesar,S K Packaging
Manesar,SGM PAPER PRODUCTS
Ahmedabad,SHREE GANESH PACKAGING PRODUCTS
Gurugram,SHRI BHAWANI PACKERS
Delhi,STANDARD PACKAGING
Faridabad,STRIPS INDIA TECHNOVATIONS PRIVATE LIMITED
Bengaluru,Sambhav Foils & Flexibles (25-26)
Delhi,Sapphire Print Factory
Chennai,Shakthi Priya Packaging Industries
New Delhi,Shree Krishna Polymers
Gurugram,Shree Ram Packaging Industries
Delhi,Shri Ram Packaging
Bhiwadi,Shyam Flexi Pack Industries
Bhiwadi,Shyam Flexi Pack Industries
Chennai,Skay Polypack LLP
Bhiwadi,Sky Industries
Chennai,South India PolyprobPvt. Ltd.
Chennai,Space age storage concepts Pvt. Ltd.
Secunderabad,Spreme Agencies
Gurugram,Sri Sai Trading Co
Chennai,SriGuru Packaging
Delhi,Star Paper Mills Limited
Greater Noida,Starco Metaplast Pvt. Ltd
Vadodara,Stireem Enterprise
Manesar,Sumi Pack
Delhi,Sun Pack India Industries
Delhi,Surya Kiran Metals Pvt. Ltd
Manesar,T.R Packaging
Noida,TAC Automation Pvt Ltd
Penukonda,THAI PACK TECHNOLOGY PRIVATE LIMITED
Krishnagiri,THE SUPREME INDUSTRIAL LIMITED ( TM)
Rasipuram,Tecknode Paper Products
Gandhinagar,Tilak Polypack Private Limited
Noida,Ultimate Flexipack Limited
Faridabad,Unitech Industrial Solutions
New Delhi,VENUS POLYMERS
Chennai,VKM Enterprises
Chennai,Vallabh Techtex Incs
Gurugram,Valvoline Cummins Private Limited
Surat,Variya Enineers
Bhiwadi,WRAPUP PACKAGING INDIA PRIVATE LIMITED
,Washington State Department of Social and Health Services
,Washington State Employment Security Department (WA ESD)
Maraimalai Nagar,Worklink
Gurugram,YADAV MECHANICAL WORKS
