Activities,City,Complete Name,Country
,Alwar,3D ENGINEERING,India
,New Delhi,AAYUSH FIRE PROTECTION,India
,New Delhi,ABC MULTAN CALCULATOR-(YR 22-23 ),India
,Uttar Pradesh,ABS SYSTEMS & SERVICES PVT LTD ( UP ),India
,New Delhi,ABS Systems And Services (P) Ltd.,India
,New Delhi,ACUMEN MANAGEMENT PARTNERS LLP,India
,Noida,ADITYA INFOTECH LIMITED,India
,Bhiwadi,AGGARWAL INDUSTRIAL SOLUTIONS,India
,Bhiwadi,AGGARWAL STEELS,India
,Bhiwadi,AGGARWAL STEELS ( NEW ),India
,Gurgaon,AIRTEL RELATIONSHIP NO. 11448299,India
,Solan,AIS ADHESIVE LIMITED,India
,Noida,AKG PLASTICS PVT LTD,India
,Bawal,ALIGN ART,India
,New Delhi,ALSUN ENTERPRISES,India
,Haridwar,ALUDECOR LAMINATION PVT LTD,India
,Rewari,AMAR MOTOR COMPANY,India
,Bawal,AMAR-FREIGHT_x000D_,India
,Bawal,AMARNATH INTERNET SOLUTION PRIVATE LIMITED,India
,New Delhi,AMBA TRADERS,India
,Bawal,AMIT CONTT.,India
,Bawal,AMRESH CHAND - CONT,India
,Bawal,ANAND-CONT_x000D_,India
,Bawal,ANANDRAO PANDURANG WAYKAR,India
,Bawal,ANHAD ASSOCIATES,India
,Bawal,ANIL PASWAN _x000D_,India
,Bawal,ANIL RAO_x000D_,India
,Bawal,ANIL-CONT_x000D_,India
,Bawal,ANKUSH JHA _x000D_,India
,Bawal,ANKUSH RAWAT_x000D_,India
,Bawal,ANOOP AGGARWAL_x000D_,India
,Bawal,ANOOP KUMAR_x000D_,India
,Uttar Pradesh,APL APOLLO TUBES LIMITED 1,India
,Gurgaon,ARCHIE LANDSCAPE,India
,Bawal,ARJUN PAINTER_x000D_,India
,Bawal,ARJUN RAWAT_x000D_,India
,New Delhi,ARORA TRADING CO.,India
,Faridabad,ARRANT METALS PRIVATE LIMITED,India
,Bawal,ARUN KISHOR_x000D_,India
,Bawal,ARUNLAL-CONT_x000D_,India
,Bawal,ARVIND DUBEY_x000D_,India
,Bawal,"ARVIND KISHOR_x000D_
_x000D_",India
,Bawal,ARVIND SAHNI_x000D_,India
,New Delhi,ASAP HARDWARE SOLUTIONS,India
,Mumbai,ASHTE LOGISTICS PVT LTD,India
,Bawal,ASHUTOSH HARDWARE _x000D_,India
,Bawal,ASHWINI-CONT_x000D_,India
,Bawal,ASWANI KUMAR_x000D_,India
,Pantnagar,AUTOLINE INDUSTRIES LTD,India
,Bawal,AVNI ENTERPRISES,India
,Gurgaon,AXALTA COATING SYSTEMS INDIA PVT LTD,India
,Rewari,AXCEL  GASES,India
,New Delhi,AZZURE PAINTS & CHEMICALS,India
,Manesar,Aarohi Steels,India
,Gurugram,Abc Pvt Ltd,India
,Dharuhera,Abhishek Automobiles,India
,Pune,Adinarayan Engineering Pvt. Ltd.,India
,Rewari,Aggarwal Furniture,India
,Bawal,Aggarwal Gases & Industries,India
,Vapi,Allied Spares & Auto Parts MFG. Co. (P) Ltd.,India
,New Delhi,Amba Trading Co.,India
,Bawal,Amit Kumar Contractor,India
,Manesar,Anash Marketing,India
,Bawal,Anuj Kumar - Contractor,India
,Pantnagar,Anusaya Auto Press Parts Pvt Ltd.,India
,New Delhi,Arihant Infocom,India
,Gurgaon,Aryan Packaging,India
,New Delhi,Ashish Popli Design,India
,Gurgaon,Ashoka Battery House,India
,New Delhi,Auto Source,India
,Bawal,B N FABRICATOR,India
,Rewari,B.K. AUTO PARTS,India
,Rewari,B4S  COMPLETE SOLUTIONS,India
,New Delhi,BADRI ENGINEERS,India
,New Delhi,BAJAJ ALLIANZ GENERAL INSURANCE COMPANY,India
,Bawal,BALAJI ENGG. & FABRICATION  WORKS,India
,New Delhi,BALAJI TRANSPORT,India
,Bawal,BALBIR SINGH-CONT,India
,New Delhi,BARANWAL COMPUTRONIX,India
,Gurgaon,BASCAMOTORWORKS,India
,Pune,BHAGWATI TOOLS PVT. LTD.,India
,New Delhi,BHAGWN SHRI LOCKS PRIVATE LIMITED,India
,Jamshedpur,BHALOTIA ENGG. WORK PVT LTD,India
,Ambala,BHARAT SANCHAR NIGAM LIMITED,India
,Rewari,BHARAT TRUNK HOUSE NEW,India
,Gurgaon,BHAWANI INDUSTRIAL CORPORATION,India
,Bawal,BHEEMNATH - CONT_x000D_,India
,New Delhi,BHUTANI INTERNATIONAL PVT LTD,India
,Bawal,BIRENDRA-CONT_x000D_,India
,Bawal,BIRJU SINGH-CONT_x000D_,India
,New Delhi,BISHAMBER NATH HEM CHAND_x000D_,India
,Bawal,BKD ENTERPRISES,India
,Gurgaon,BR Marketing & Distributions,India
,Bawal,BRAJESH-CONT_x000D_,India
,Gurgaon,BRISE AIR TECHNOLOGIES PVT LTD,India
,Gurgaon,BS Traders,India
,New Delhi,BUSINESS COACHING INDIA LLP,India
,Bawal,Baba Crane Service,India
,Bawal,Bajrang Battery House,India
,New Delhi,Bansal Steel Tube Co.,India
,Bawal,Bawal Auto Fuels,India
,Gurgaon,Benq India (P) Ltd. - HARYANA,India
,Bawal,Bhagat Singh (Cont.),India
,Bawal,Bhagirath Tailor (Cont.),India
,New Delhi,Bharti  General Manufacturers (India),India
,Gurgaon,CAPITAL VEHICLES  SALES LTD.- MGF TOYOTA,India
,Gurgaon,CDR FACILITY MANAGEMENT SERVICES,India
,Panipat,CEASEFIRE INDUSTRIES PVT LTD,India
,Bawal,CHANDA HARDWARE & GLASS ALUMINIUM HOUSE,India
,Gurgaon,CHANDRA PRAKASH YADAV- ADVOCATE,India
,Pune,CHEMETALL INDIA PRIVATE LIMITED,India
,Gurgaon,CHHAYA DIE & MOULD CO.,India
,New Delhi,CITY FIRE PRO SYSTEMS,India
,Gurgaon,COHESIVE TECHNOLOGIES PVT LTD,India
,Jabalpur,COMMERCIAL AUTOMOBILES PVT LTD,India
,New Delhi,CONSULT INDIA NETWORK,India
,New Delhi,CUMMINS SALES & SERVICE PRIVATE LIMITED,India
,Pune,CVG SEATING PRIVATE (INDIA) PRIVATE LIMITED,India
,New Delhi,Ceasefire Industries Limited ( DELHI ),India
,Manesar,Chanchal Agencies,India
,Sonipat,Chandra Lakshmi Safety Glass Ltd.,India
,Pune,Chinta Mani'S,India
,Bawal,Choudhary Traders,India
,New Delhi,D.D AMARNATH,India
,"Timbhi, Valsad",DAISY INDUSTRIES,India
,Dharuhera,DAISY MOTORS,India
,Pune,DAMANI SHIPPING (P) LTD.,India
,Gurgaon,DAWARA ENTERPRISES,India
,New Delhi,DAYAL LABELS,India
,New Delhi,DEE VEE COMMUNICATIONS PVT. LTD,India
,Gurgaon,DEEP GENSETS,India
,Bawal,DEEPAK KUMAR-CONT_x000D_,India
,Bawal,DEEPU CHANDRA-CONT_x000D_,India
,New Delhi,DEEWANSHI COMPUTER,India
,New Delhi,DELHI MACHINERY STORES,India
,Gurgaon,DEO ENGINEERING CONSULTANTS,India
,Bawal,DEVA TRAVELS & TRANSPORT,India
,Bawal,DEVENDER SINGH _x000D_,India
,Pune,DEWAS METAL SECTIONS LTD,India
,Bawal,DHARAM PAL REGAR ( CONT ),India
,Bawal,DHBVN Ltd.,India
,Faridabad,DIGITAL INSTRUMENTATION,India
,Bawal,DINANATH  KUMAR_x000D_,India
,Bawal,DINANATH _x000D_,India
,Bawal,DINESH CHAND-CONT_x000D_,India
,Bawal,DINESH-CONT_x000D_,India
,Bawal,DIWAKAR JOSHI-CONT_x000D_,India
,New Delhi,DJS _ AUTOMOTIVE,India
,Gurgaon,DURGA METAL,India
,Sonipat,DYNEMECH SYSTEMS PVT. LTD.,India
,Gurgaon,Davy Air Services,India
,Faridabad,Dee Kay Product,India
,New Delhi,Design Direct,India
,Faridabad,Digital Calibration Technology,India
,Gurgaon,Divine Innovation,India
,Bahadurgarh,Duratuf Glass Industries (III),India
,New Delhi,Duratuf Glass Industries (P) Ltd - Unit II,India
,New Delhi,Durian Industries Ltd.,India
,Pune,EFTEC ( INDIA ) PVT LTD,India
,Pune,EMDET ENGINEERS PVT LTD,India
,Jodhpur,ESDEE PAINTS LTD JAIPUR,India
,Ahmedabad,ESDEE PAINTS LTD. - Gujrat,India
,Bhilwara,ESSPAL INTERNATIONAL PVT LTD,India
,Gurgaon,EURONICS INDUSTRIES  PVT LTD,India
,Bhiwadi,EVERGREEN ENTERPRISE,India
,Gurgaon,EXAINFOTECH (I) PVT LTD,India
,Mumbai,EXCELENCIA INDUSTRIES,India
,New Delhi,EXPRESS CARGO CONTAINERS,India
,Pune,Electrica Engineers (I) Pvt. Ltd.,India
,Gurgaon,Elegant Car Interiors,India
,Lucknow,Emprise Marketing,India
,New Delhi,Eram Manpower Services,India
,"Parnera,Valsad",Excel Alugraphics Pvt.Ltd.,India
,Noida,Extra Marks Education India (P) Ltd.,India
,Bawal,FARMAN ALI,India
,Rewari,FAST GRIP,India
,Ahmedabad,FOCUS LIGHTING & FIXTURES LTD. (GUJRAT),India
,Mumbai,FOCUS LIGHTING & FIXTURES LTD. (Maharashtra),India
,Gurgaon,FUTURE GENERAL INDIA INSURANCE CO LTD,India
,Bawal,Fine Coat's,India
,Gurgaon,Fire & Safety Hubs,India
,New Delhi,Fusicox International,India
,Manesar,G.S. HARDWARE,India
,Bawal,GANESH-CONT_x000D_,India
,Faridabad,GANPATI STEEL,India
,Alwar,GARV ENTERPRISES,India
,Bawal,GAURAV GUPTA _x000D_,India
,Bawal,GAURAV KUMAR_x000D_,India
,Ghaziabad,GAURAV STEELS,India
,Rewari,GIAN SWEETS,India
,Vadodara,GITAPB AUTOMOTIVE INDUSTRIES PVT LTD,India
,Gurgaon,GLOBAL TRADERS-OTHERS,India
,Suryapet,GMR TRUCK AND BUS WHEEL ALIGNMENT SOLUTIONS,India
,Bawal,GOINDI ENGINEERING WORKS PVT LTD,India
,Manesar,GOLDMINE ASSOCIATES,India
,Ahmednagar,"GOVT. OF INDIA, MINSTRY OF DEFENCE",India
,Rewari,GOYAL CHEMI TRADE PVT LTD,India
,Gurgaon,GR ALUMINIUM & GLASS HOUSE,India
,Gurgaon,GR SALES CORPORATION,India
,New Delhi,GRK Info Service Pvt. Ltd,India
,New Delhi,GS1 INDIA,India
,Gurgaon,GUJARAT ENVIRO-PROTECTION AND INFRASTRUCTURE PVT LT,India
,Manesar,GUPTA ENGINEEERING WORKS,India
,New Delhi,GUPTA IRON & STEEL CO.,India
,Rewari,Garg Timber & Iron Industries,India
,Ghaziabad,Gaurang Products Pvt. Ltd.,India
,Manesar,Geeken Seating Collection (P) Ltd.,India
,Gurgaon,Gera Electronic World,India
,Bawal,Ghanshyam Trading Co.,India
,Rewari,Gobind Plywood Traders,India
,New Delhi,Goodluck Industries,India
,Bawal,Gopal,India
,New Delhi,Gulati Rexine Emporium (P) Ltd.,India
,Bawal,Gupta Industrial Traders,India
,Rewari,Gupta Paints & Hardware Store,India
,Bawal,H&H WAREHOUSE SOLUTION,India
,Rewari,HANS RESORTS,India
,Faridabad,HANU INDUSTRIES,India
,Jaipur,HANUMAT MACHINE TOOLS,India
,Bawal,HARESHWAR CONT.,India
,Bawal,HARPREET SINGH _x000D_,India
,Gurgaon,HARSH METAL,India
,Gurgaon,HARYANA ENVIRONMENT MANAGEMENT SOCIETY,India
,Rewari,HARYANA MACHINERY STORE,India
,Panchkula,HARYANA STATE INDUSTRIAL AND INFRASTRUCTURE DEV._x000D_,India
,Rewari,HARYANA STEEL,India
,New Delhi,HDFC BANK LTD,India
,New Delhi,HEAT WATT ELECTRICALS,India
,New Delhi,HELLOJI HOLIDAYS PRIVATE LIMITED,India
,Faridabad,HENU INDUSTRIES,India
,Palwal,HFC India Private Limited,India
,Ahmedabad,HGR LOGISTICS PVT. LTD,India
,Manesar,HI TECH POWER SYSTEMS,India
,Meerpur,HIM IMPERIAL AUTO GLASS WORKS,India
,New Delhi,HIMAL SUPPLY INDIA PVT LTD,India
,Gurgaon,HIMGIRI AUTOMOBILES PVT LTD.,India
,Bawal,HKS HARDWARE & ELECTRICAL,India
,New Delhi,HN ENTERPRISES,India
,Dharuhera,HORIZON INDUSTRIAL SOLUTIONS,India
,New Delhi,HOT BELT INDUSTRIES,India
,Bawal,HSIIDC Ltd.,India
,New Delhi,Harichand Sudarshan Kumar,India
,Rewari,Haryana  Gas Service,India
,Gurgaon,Haveli Ram Bansi Lal,India
,Rewari,Himani Communcation & Generator,India
,Bawal,Hotel Green Orch ( Bawal ),India
,Panchkula,IDEA CELLULAR LIMITIED,India
,New Delhi,IJS Electronics,India
,Bengaluru,IMPACT SAFETY GLASS WORKS PVT LTD,India
,New Delhi,INDIAN PRESS SHARING MACHINE,India
,Neemrana,INDO TECH COMPANY,India
,Bawal,INDUSTRIAL TOOLS AND FABRICATION WORKS,India
,Faridabad,INFINITI RETAIL LTD,India
,New Delhi,INSAT EQUIPMENT INDIA PVT LTD,India
,Pune,INTERSTATE CARRIER - PUNE,India
,Pune,INTERSTATE TRANSPORT CORPORATION,India
,Manesar,ISHMAN AUTO ELECTRICP. LTD. (HARYANA),India
,New Delhi,ISHMAN AUTOELECTRIC PVT. LTD. UNIT-2 (DELHI),India
,New Delhi,ISHMAN COMPONENTS LLP- DELHI,India
,Manesar,ISHMAN COPONENTS LLP ( UNIT -2)- HARYANA,India
,Bawal,ISHWAR ROADLINES,India
,Gurgaon,Indokote Industries,India
,New Delhi,Infinity Cars - New Delhi,India
,Bhiwadi,Innovative Resins (P) Ltd.,India
,Manesar,International Centre for Automotive Technology,India
,Gurgaon,J B S Steels Pvt. Ltd.,India
,Rohtak,J.C.Fasteners Ltd.,India
,Rewari,J.D Hose & Engg. Works,India
,New Delhi,J.N. GOPAL & CO. PVT. LTD.,India
,Bawal,J.P. REFRIGERATION & ELECTRICAL WORK,India
,Bawal,JAGDAMBA ROLLING SHUTTER,India
,New Delhi,JAI SATYA LIGHTING,India
,Faridabad,JAI SHREE LAXMI ENTERPRISES,India
,Bawal,JAI SHREE SHYAM ENTERPRISES,India
,Mumbai,JAV TRADING COMPANY,India
,Bawal,JAY BHOLA-CONT_x000D_,India
,Faridabad,JAY KAY COMPUTER,India
,Bawal,JAY KUMAR -CONT_x000D_,India
,Bawal,JAY MISHRA -CONT_x000D_,India
,Bawal,JAY VEER-CONT_x000D_,India
,Bawal,JAYARAM PARIDA- CONTRACTOR,India
,Bilaspur,JINDAL STAINLESS LIMITED PATHREDI,India
,Gurgaon,JIO DIGITAL LIFE A/C NO 90032079462,India
,Bawal,JITENDER KUMAR YADAV - CONT.,India
,Bawal,JITENDER-CONT_x000D_,India
,New Delhi,JK SAHIL AGGARWAL,India
,Rewari,JMD Traders,India
,Mohali,JP PAINTING SERVICE,India
,Manesar,JPS RESIDENCY AND HOSPITALITY SERVICES,India
,Ambala,JS Automotives,India
,Bawal,JUGALKISHOR-CONT_x000D_,India
,Manesar,Jagdamba Fabricators,India
,Rewari,Jain Hardware & Electric Store,India
,New Delhi,Jaspal Trailer Works,India
,New Delhi,Jawahar Steel Industries,India
,Jaipur,K P ENGINEERS,India
,Bawal,K S CRANE SERVICE,India
,Bawal,KABIR-CONT_x000D_,India
,Rewari,KAILASH FURNITURE,India
,Dharuhera,KAMAL ELECTRICALS,India
,Bawal,KAMLESH KUMAR_x000D_,India
,Bawal,KAMLESH SHARMA_x000D_,India
,Bawal,KAMRUDIN -CONT_x000D_,India
,Samrala,KANG PROFILES,India
,Bawal,KANHA ENGINEERING PVT LTD,India
,Bawal,KAPOOR & SONS,India
,Bawal,KARAN KUMAR (CONT.),India
,Noida,KD ENTERPRISES,India
,Pune,KETKI DIES & TOOLS PVT. LTD.,India
,New Delhi,KHANDELWAL & CO.,India
,New Delhi,KHATTAR MACHINERY STORE,India
,Bawal,KHURSHID (CONT.),India
,Khushkhera,KHUSHI ENTERPRISES,India
,Bawal,KISHAN HARDWARE_x000D_,India
,Gurgaon,KONARAK SALES CORPORATION,India
,Rewari,KRISHANA ENTERPRISES,India
,Bawal,KRISHNA UDYOG,India
,Bawal,KRITESH-CONT_x000D_,India
,Bawal,KUMAR ELECTRICAL WORKS ( SUTHANA ),India
,Bhiwadi,KUMAR ELECTRICALS,India
,Gurgaon,KUMON INDIA EDUCATION PVT LTD,India
,Bawal,Kapil Dev  ( Contractor ),India
,New Delhi,Keyman Locking Devices,India
,New Delhi,Kiran Roadways {P} Ltd.,India
,Bawal,Kk Electrical Works,India
,Gurgaon,Kold-King,India
,Gurgaon,Koolmax International,India
,Faridabad,Krishna Abrasives Co.,India
,Gurgaon,Krishna Engineering,India
,Rewari,L V INDUSTRIAL SOLUTIONS,India
,Bawal,LALIT SAHNI_x000D_,India
,Bawal,LAMBA ENTERPRISES,India
,Ghaziabad,LANDMARK CRAFTS PVT. LTD.,India
,New Delhi,LASER CUTTING WORK,India
,Bawal,LASER-CUT SOLUTIONS,India
,Noida,LEGERO LIGHTING IND PVT LTD,India
,Bawal,LIBERTY GENERAL INSURANCE LIMITED,India
,Bawal,LOKESH-CONT_x000D_,India
,New Delhi,LUXERON PRIVATE LIMITED,India
,Rewari,LUXMI ROLLING SHUTTERS,India
,Gurgaon,Light Power Control,India
,Bhiwadi,Linde India Limited,India
,Rohtak,M G MOTORS,India
,Haridwar,M K ENTERPRISES,India
,Manesar,M R ENTERPRISES,India
,New Delhi,M. K. Sanitary & Hardware Store,India
,Bawal,M.L.Engineering Works,India
,New Delhi,M.R. Malhotra & Co.,India
,Faridabad,M.V. TRADERS,India
,Rewari,M/S DHARAM BHATTA CO.,India
,Bawal,M/S RAJ TRANSPORT COMPANY,India
,Bawal,M/S Sherawat Technologies,India
,Bawal,M/s Dalip Service Station,India
,Sonipat,M/s Kansal Colour Roofings India (P) Ltd.,India
,Pune,M/s PREMIUM LIFESTYLE AND FASHION INDIA PUNE,India
,Bawal,M/s Parvati Cement & Marble Store,India
,Rewari,M/s R.K Tiles & Satitary Shoppe,India
,New Delhi,M/s Shyam Lal Anil Kumar,India
,Rewari,MAHADEV TRADING COMPANY,India
,Mumbai,MAHARASHTRA PIPE DISTRIBUTOR,India
,New Delhi,MAHAVIR STEELS,India
,Bawal,MAHENDER SINGH _x000D_,India
,Bawal,MAHENDER-CONT_x000D_,India
,Bawal,MAHESH CHAND,India
,Bawal,MAHESH CONTRACTOR (HASANPUR),India
,Bawal,MAHESH SIHNA-CONT_x000D_,India
,Bawal,MAHESH SINGH(PAINT CONT),India
,Bawal,MAHESH-CONT_x000D_,India
,Bawal,MAHIPAL SINGH BOCHALYA ( CONT ),India
,New Delhi,MAKINOTECH ENGINEERS,India
,Pune,MALHAR INFRA ENGINEERING,India
,New Delhi,MANGLA  HOISTS PVT LTD,India
,Bawal,MANISH DIWAN_x000D_,India
,Bawal,MANISH KUMAR,India
,New Delhi,MANISH KUMAR - CA,India
,Bawal,MANISH-CONT_x000D_,India
,Bawal,MANJIT MISHRA_x000D_,India
,Bawal,MANJIT PANDEY_x000D_,India
,Bawal,MANOJ PANDEY _x000D_,India
,Bawal,MANOJ PANDIT _x000D_,India
,Bawal,MANU-CONT_x000D_,India
,New Delhi,MANUMIT AUTOMATON LLP,India
,Matoda,MARVEL GLASS PVT LTD,India
,New Delhi,MASTRA INC,India
,New Delhi,MATRIX CAR DECOR,India
,Manesar,MAXBROS VENTURES INDIA LTD,India
,Bawal,MAYANK TRADING COMPANY,India
,Bawal,MEHARBAN SAFFI -  CONTRACTOR  OLD,India
,Bawal,MEHTAB KHAN - CONT.,India
,Noida,MEKTRONIXS TECHNOLOGIES PRIVATE LIMITED,India
,New Delhi,METAL WORLD-OTHERS,India
,New Delhi,METALTECH INDIA PVT. LTD.- DELHI,India
,New Delhi,METALTECH MOTORS PVT. LTD.,India
,New Delhi,METALTECH MOTORS PVT. LTD. HO SALE\PUR,India
,Faridabad,MGRN INDIA CORPORATION,India
,Bawal,MIKESH GUPTA-CONT_x000D_,India
,Bawal,MIKU SINGH _x000D_,India
,Bawal,MIRTUNJAY CARRIER_x000D_,India
,Bawal,MIRTUNJAY KUMAR_x000D_,India
,Pune,MIT STEEL,India
,Gurgaon,MM Traders,India
,Gurgaon,MODERN MATERIAL ENGINEERING COMPANY,India
,Bawal,MOHAN -CONT_x000D_,India
,New Delhi,MOHAN LAL & SONS,India
,Bawal,MOHAN RAM TRANSPORT CO.,India
,Bawal,MOHIT SHARMA,India
,Bawal,MOHIT THAKUR_x000D_,India
,Bawal,MOHIT-CONT_x000D_,India
,Bawal,MONU SINGH ( PAINT CONT ),India
,New Delhi,MRP Enterprises Ltd.,India
,Bawal,MS LASER WORKS,India
,Ambala,MS Motors (Ambala),India
,Jaipur,MS Motors (Jaipur),India
,Bawal,MUKESH SINHA_x000D_,India
,Bawal,MUKESH THAKUR_x000D_,India
,Bawal,MUKESH-CONT_x000D_,India
,Bawal,MUKUL DEV-CONT_x000D_,India
,Bawal,MUKUL KUMAR_x000D_,India
,Bawal,MULLA JI,India
,Bawal,MUNA GUPTA-CONT_x000D_,India
,Bawal,MUNNA KUMAR_x000D_,India
,Bawal,"MUNNA PASWAN_x000D_
 _x000D_",India
,Bawal,MUNNA SINGH-CONT_x000D_,India
,Bawal,MUNNA THAKUR_x000D_,India
,Bawal,MUNNA TRANS_x000D_,India
,Bawal,MUNNA-CONT_x000D_,India
,Bhiwadi,MW WIRETEC PVT. LTD.,India
,New Delhi,Machine Dynasty,India
,Manesar,Mahabir Crane Service,India
,Rewari,Malhotra Trading Co.,India
,Rewari,Malik Bearing House,India
,New Delhi,Manak Enterprises,India
,Rewari,Manoj Electricals,India
,New Delhi,Manoj Hardware,India
,Rewari,Mehta Fancy Cloth House,India
,Bawal,Micro Mesh India (P) Ltd.,India
,New Delhi,Micro Software Solutions Lab,India
,Bhiwadi,Micro Wiremesh Private Limited,India
,Gurgaon,Mode Refrigertion Corporation,India
,Gurgaon,Modern Business Solutions,India
,Faridabad,Modern Graphics,India
,Rewari,Mohan Paints & Hardware,India
,Bawal,Mohd. Khurshid,India
,New Delhi,Mondax Technology Pvt. Ltd.,India
,New Delhi,Motor Lamp Auto Electrical Pvt Ltd.,India
,New Delhi,Motor Sales Company,India
,Bawal,Mukesh Carpanter,India
,Bawal,Mukesh Kumar,India
,Gurgaon,Murti Electricals,India
,Bawal,Muskan Photo Studio,India
,New Delhi,N FUJI ELEVATORS COMPANY,India
,Rewari,N.K ELECTRICALS WORKS,India
,Gurgaon,N.K PROSALE PVT LTD,India
,New Delhi,N.S.I. ELECTRONICS,India
,Bawal,NAGENDER MISHR_x000D_,India
,Bawal,NAKUL-CONT_x000D_,India
,Chandigarh,NANDWANI & ASSOCIATES,India
,Gurgaon,NANNAI MAL JANKI DAS (GUR.),India
,Bawal,NARENDER SINGH,India
,Gandhinagar,NATIONAL FORENSIC SCIENCES UNIVERSITY,India
,Gurgaon,NAVEEN TEMPO SERVICE,India
,Gurgaon,NAVYUG MARKETING,India
,Bawal,NAWAL KISHOR _x000D_,India
,Gurgaon,NCR Vehicles (P) Ltd.,India
,Rewari,NEEL KAMAL MOTORS,India
,Bawal,NEERAJ KUMAR CONT,India
,Bawal,NEHA GEHLOT,India
,New Delhi,NETSYS NETWORK PVT LTD,India
,Gurgaon,NH TRADING CO.,India
,Bawal,NIKESH JOSHI HARDWARE _x000D_,India
,Bawal,NIKESH KUMAR-2_x000D_,India
,Bawal,NIKESH KUMAR_x000D_,India
,New Delhi,NIPPON INDUSTRIES,India
,New Delhi,NIS MARKETING PVT. LTD.,India
,Bawal,NISHA ENGINEERING WORKS,India
,Chennai,NRS Solutions A Co.,India
,New Delhi,NRS WELDING TECHNOLOGIES,India
,New Delhi,Nabha Advertising & Marketing,India
,Bawal,Nanak Sanitary Ware,India
,Bawal,Nand Lal Cont.,India
,Rewari,Narender Kumar Vinay Sheel,India
,Gurgaon,National Glass House,India
,New Delhi,National Hardware Syndicate,India
,New Delhi,National Traders,India
,New Delhi,Nav Bharat Trading Corpn,India
,Faridabad,Naveen Steels,India
,Gurgaon,Navkar Iron Store,India
,Gurgaon,Navyug Enterprises,India
,Gurgaon,Neelam Steel Corporation,India
,Jaipur,Neha Sales Corporation,India
,Gurgaon,New Bharat Furniture Works,India
,Bawal,New Chauhan Transport Company,India
,Bawal,Nimbal Enterprises,India
,Gurgaon,Nirmal Industrial Products,India
,New Delhi,Nupur Enterprises,India
,Gurgaon,OM LOGISTICS LTD - HARYANA,India
,Pune,OM LOGISTICS LTD- PUNE,India
,New Delhi,OM SAI CABLETRONICS,India
,Gurgaon,OPTIMUS TECH SOLUTIONS PRIVATE LIMITED,India
,New Delhi,Oberoi Enterprises,India
,New Delhi,Om Electric Corporation,India
,New Delhi,Om Enterprises- Delhi,India
,Panipat,Om Tex Engineering,India
,New Delhi,Om Trading Co.,India
,Manesar,Om Trading Company,India
,Gurgaon,OmTulsi Electricals,India
,New Delhi,Omco Tools,India
,Rewari,Onkar Interior,India
,Chennai,Orient Impex,India
,Faridabad,Oto Industries,India
,New Delhi,P. Chander Bhan Krishan Lal & Sons,India
,Faridabad,P.P. ENTERPRISES  NEW,India
,Faridabad,P.P. Enterprises,India
,Rewari,P.S. Jain Enterprises,India
,Gurgaon,PAHUJA AIRCON PVT. LTD. ( NEW ),India
,Rewari,PAL SVAM POWER SOLUTIONS PVT LTD,India
,Gurgaon,PALAK COURIER SERVICES ( NEW ),India
,New Delhi,PANKAJ JAIN- CONSULTANT,India
,Bawal,PARAM NARANG_x000D_,India
,New Delhi,PARKASH & CO,India
,Bawal,PARMOD  SINGH- CONT_x000D_,India
,Bawal,PARMOD  TIWARI- CONT_x000D_,India
,Bawal,PARVINDER SHARMA_x000D_,India
,Gurgaon,PASCO MOTOR LLP,India
,Bawal,PAWAN KUMAR ( CONT ),India
,Gurgaon,PEARL BATH AND TILES,India
,Gurgaon,PERFECT ALL SOLUTIONS,India
,New Delhi,PERFECT PLASTIC INDIA,India
,New Delhi,PERFORMANCE CARS PVT LTD,India
,New Delhi,PIYUSH TRADING CO.,India
,Dharuhera,PMI Coaches Pvt. Lt.,India
,Manesar,POOJA DISPLAY SIGNAGE,India
,Ahmedabad,PPG ASIAN  PAINTS PVT. LTD. - GUJRAT,India
,New Delhi,PPG ASIAN PAINTS PVT. LTD - DELHI,India
,Pune,PPG ASIAN PAINTS PVT. LTD - MAHARASHTRA,India
,Mohali,PPG ASIAN PAINTS PVT. LTD - PUNJAB,India
,Gurgaon,PPG Asian Paints Pvt. Ltd. (HARYANA),India
,Bawal,PRABHAKAR MISHRA_x000D_,India
,Mumbai,PRATEEK EXPLOSIONPROOF PVT LTD,India
,New Delhi,PREET & SONS,India
,Bawal,PREETI,India
,New Delhi,PREMIUM DIGITAL ADS,India
,Gurgaon,PREMIUM LIFESTYLE AND FASHION INDIA PVT LTD,India
,New Delhi,PRINTING POINT,India
,Noida,PRUDENT DEVICES,India
,Gurgaon,PS Engineering Works,India
,Bawal,PUNU MISHRA_x000D_,India
,Bawal,PYARELAL STORE_x000D_,India
,Ambala,Pacific Auto India,India
,Gurgaon,Pahuja Aircon,India
,New Delhi,Palson Auto Traders,India
,Rewari,Pankaj Engineering,India
,Bawal,Parvati Cement & Marble Store,India
,Ambala,Pasco Motors,India
,New Delhi,Pavitra Enterprises,India
,Jaipur,Perfect Industries,India
,Pune,Pinnacle Industries Ltd.,India
,Gurgaon,Pioneer Hardware Products Pvt. Ltd.,India
,New Delhi,Pipe Linkers,India
,New Delhi,Poddar Interiors,India
,Jamshedpur,Polycab Premiers (P) Ltd.,India
,Bawal,Posco India Delhi Steel Processing Centre (P) Ltd.,India
,Pune,Power Electronics,India
,New Delhi,Power Sales,India
,Gurgaon,Power Sales & Services,India
,New Delhi,Prabhati Lal & Sons,India
,New Delhi,Prabind Kumar Sharma,India
,New Delhi,Prakash Steel Co.,India
,Bawal,Pramod Enterprises,India
,Bawal,Praveen Kumar,India
,Pune,Precision Testing Machines Pvt Ltd.,India
,New Delhi,Precision Tubes & Hydraulics,India
,Rewari,Prem Prakash Meena (AC Service),India
,New Delhi,Premier Bath Gallery,India
,New Delhi,Print Expo Solutions,India
,New Delhi,Puneet Enterprises,India
,Rewari,Purushottam Daas & Brothers,India
,Manesar,R P Lasertech (P) Ltd.,India
,Bawal,R S INDUSTIRES,India
,Rewari,R-Tech,India
,Rewari,R.B.Steels,India
,Bawal,R.K Enterprises,India
,Faridabad,R.K. Profiles (P) Ltd.,India
,Manesar,R.K.Electricals,India
,New Delhi,R.L. Bhatia & Sons,India
,New Delhi,R.M. Auto Agency,India
,New Delhi,R.N. CABLETRONIC,India
,Faridabad,R.S. Bhatia Engineering Works,India
,Bawal,R.V. Trading Comp.,India
,Bawal,RADHESHYAM-CONT_x000D_,India
,Khushkhera,RADICAL INDUSTRIES,India
,Bawal,RAHIL KATRI-CONT_x000D_,India
,Bawal,RAHUL KUMAR_x000D_,India
,Bawal,RAHUL-CONT_x000D_,India
,Rewari,RAIDON ENTERPRISES,India
,New Delhi,RAJ DIGITAL PHOTO STUDIO AND COLOUR LAB,India
,Bawal,RAJ KUMAR-CONT_x000D_,India
,Bawal,RAJ SHUTTERING STORE,India
,Bawal,RAJ-CONT_x000D_,India
,Rewari,RAJASTHAN INDUSTRIAL HUB,India
,Bawal,RAJENDERLAL-CONT_x000D_,India
,Bawal,RAJESH-CONT_x000D_,India
,Bawal,RAJIV-CONT_x000D_,India
,Bawal,RAJPAL PLYWOOD AGENCY,India
,Bawal,"RAJU NIWAS-CONT_x000D_
_x000D_",India
,Bawal,RAJU PATEL_x000D_,India
,Bawal,RAJU SINGH -CONT_x000D_,India
,Bawal,RAJU-CONT_x000D_,India
,Bawal,RAKESH -FREIGHT_x000D_,India
,Bawal,RAKESH PANDIT_x000D_,India
,Bawal,RAKESHLAL-CONT_x000D_,India
,Bawal,RAM KUMAR YADAV-CONT_x000D_,India
,Bawal,RAMAWAT HARDWARE & MILL STORE,India
,Bawal,RAMESH KUMAR,India
,Bawal,RAMNATH  YADAV-CONT_x000D_,India
,Bawal,RAMU-CONT_x000D_,India
,Bawal,RANJAY ENGINEERING WORKS,India
,Bawal,RANJIT SINGH _x000D_,India
,Bahadurgarh,RAVI INDUSTRIAL CORPORATION,India
,Faridabad,RBS Industries,India
,Bawal,REANJIT-CONT_x000D_,India
,Bawal,RELIABLE WIRING SOLUTIONS,India
,Bawal,RELIANCE JIO INFOCOMM LIMITED,India
,Manesar,RELSOL,India
,New Delhi,RICO ENTERPRISES,India
,New Delhi,RIFE TECHNOLOGIES,India
,Bawal,RINKU YADAV_x000D_,India
,Bawal,RISHIPAL SINGH TRANSPORT COMPANY,India
,New Delhi,RITES LTD,India
,Bawal,RITESH SHARMA _x000D_,India
,Bawal,RIZWAN HAIDER_x000D_,India
,Pune,ROHAN ENTERPRISES,India
,Bawal,ROHAN RAI_x000D_,India
,Bawal,ROHIT JAIN _x000D_,India
,Bawal,ROHIT SINGH _x000D_,India
,Ghaziabad,ROOFTEC SOLUTION,India
,Neemrana,ROYAL ENTERPRISES,India
,Gurgaon,ROYAL PAINTS & CHEMICAL,India
,Pune,ROYAL PRESSING,India
,Bawal,ROYAL RESIDENCY RESORT,India
,Bawal,RSM ENTERPRISES,India
,Gurgaon,RTC International Business P.Ltd,India
,Bawal,RUBYCO INTERNATIONAL,India
,Rewari,RUJUL TRADERS,India
,Hyderabad,RUNFLAT TIRE SYSTEMS,India
,Bawal,RUPESH CHANDRA _x000D_,India
,Bawal,RUPESH CHNDRA_x000D_,India
,Bawal,"RUPESH-CONT_x000D_
_x000D_",India
,Bawal,RUPESH-TRANS_x000D_,India
,Rewari,RYR Traders,India
,Jaipur,Radhika Minerals Pvt Ltd.,India
,Khushkhera,Radical Component,India
,New Delhi,Radionics,India
,Bawal,Raghuveer Mandal ( Cont ),India
,Bawal,Rahee Gas Service,India
,Gurgaon,Rahul Enterprises,India
,Gurgaon,Rahul Facility Management,India
,Rewari,Rahul Pipes,India
,Bawal,Raja Paints India (P) Ltd.,India
,Gurgaon,Rajasthan Stainless,India
,Manesar,Rajdhani Traders,India
,New Delhi,Rajinder Kumar,India
,New Delhi,Ram Gopal Traders,India
,New Delhi,Ram Singh & Sons,India
,Rewari,RamChand Ved Prakash,India
,New Delhi,Rama Rolling Shutter Works,India
,Rewari,Ramchander & Sons,India
,New Delhi,Ramjas Road Lines,India
,Gurgaon,Rampravesh,India
,Bawal,Rao Industries,India
,Bawal,Ratan Lal Babu Lal,India
,Gurgaon,Rattan Trading  Company,India
,Gurgaon,Ravinder Kumar,India
,Gurgaon,Rohan Infotech,India
,Noida,Ronam Technologies Pvt Ltd,India
,New Delhi,Roshan Lal & Company,India
,Gurgaon,Royal Hardware & Tools,India
,New Delhi,Royal Industries,India
,New Delhi,Rudra Associates,India
,New Delhi,Rudra Associates - OTHERS,India
,Gurgaon,Rudraksh Enterprises,India
,Gurgaon,S R ENTERPRISES,India
,Gurgaon,S R OVERSEAS,India
,Pune,S&S INDUSTRIES,India
,Rewari,S. K FRESH WATER,India
,Pune,S. S. ENGINEERING WORKS,India
,Bawal,S.B. TRADERS,India
,Gurgaon,S.I. Tools,India
,New Delhi,S.K. Traders,India
,Gurgaon,S.K.Trading Co.,India
,Faridabad,S.Kumar & Co.,India
,New Delhi,S.M. Steel,India
,Rewari,S.M.S.ENTERPRISES,India
,New Delhi,S.P STEEL CO.,India
,Bawal,S.P.M PUBLIC SCHOOL BAWAL,India
,Pune,S.R . BHONDAVE TRANSPORT,India
,Bawal,S.R. ENTERPRISES BAWAL,India
,New Delhi,S.R. LITES,India
,Faridabad,S.R. Trading Company,India
,Rewari,S.R.A. Retails (P) Ltd.,India
,New Delhi,S.S Electrowoks Pvt. Ltd.,India
,Bhiwadi,S.S PAINT &  HARDWARE STORE,India
,Rewari,S.S. Trading,India
,Rewari,SAFE & MULTI PURPOSE ENGINEERING WORKS,India
,Ghaziabad,SAFETY MOVEMENT INTERNATIONAL,India
,Manesar,SAI HYDRAULICS.,India
,Bhiwadi,SAI JI LOGISTIC,India
,Ghaziabad,SAI ROOFING SOLUTION,India
,Jamshedpur,SAI SERVICE STATION,India
,Bawal,SAINI STEEL STORE,India
,Bawal,SAJAN-CONT_x000D_,India
,Faridabad,SAKSHAM ACCURATE SCALES,India
,New Delhi,SALUJA SALES,India
,New Delhi,SAMARTH LIFESTYLE RETAILING PRIVATE LIMITED,India
,Bahadurgarh,SANGAM INDUSTRIES,India
,Faridabad,SANJEEV INDUSTRIAL CORPORATION,India
,Bawal,SANKAR LORRY_x000D_,India
,Bawal,SANTOSH KUMAR BIND,India
,Bawal,SANTOSH-CONT2_x000D_,India
,Bawal,SANTOSH-CONT_x000D_,India
,Palwal,SAPPHIRE FOREX PVT LTD,India
,Bawal,SAROJ CONTRACTOR,India
,Bawal,SARVANG SURVEILLANCE SECURITY SYSTEM,India
,Bawal,SATBIR SINGH _x000D_,India
,Gurgaon,SATHYANARAYAN HARISH CHAND,India
,Bawal,SATISH KUAMR_x000D_,India
,Bawal,SATISH-CONT_x000D_,India
,Bhopal,SATURN AUTO LINKS PVT LTD,India
,Faridabad,SATYAM PETRO CHEMICAL,India
,Bawal,SATYENDRA -CONT_x000D_,India
,Bawal,SAUNU SHRMA,India
,New Delhi,SAVERA ENTERPRISES,India
,Gurgaon,SBM FACILITY MANAGEMENT SERVICES PVT. LTD.,India
,New Delhi,SCOTTS AUDIOTRONIX,India
,Mumbai,SEAPORT LINES (INDIA) PVT LTD,India
,New Delhi,SETHI AUTO & TOOLS AGENCY,India
,Bawal,SHAHID  S/O HARUN - CONT.,India
,Bawal,SHAMBHOO PAINTER ( MANESAR ),India
,Bawal,SHARUKH KHAN-CONT_x000D_,India
,Gurgaon,SHEETAL POWER PROJECTS,India
,Bawal,SHIV IRON & STEELS,India
,Bawal,SHIV KUMAR-CONT_x000D_,India
,Ahmedabad,SHIV SHAKTI LOGISTIC,India
,Bhiwadi,SHIVA INDUSTRIES,India
,New Delhi,SHIVA MOTORS,India
,Bawal,"SHIVAM MISHRA-CONT_x000D_
_x000D_",India
,Bawal,SHIVAM-CONT_x000D_,India
,Ghaziabad,SHIVANI STEELS,India
,New Delhi,SHIVAY INDIA TRADING COMPANY,India
,Faridabad,SHREE ABRASIVES,India
,Bawal,SHREE ANJNA TRADING CO.,India
,Bawal,SHREE JEE ENTERPRISES,India
,Gurgaon,SHREE RAJASTHAN GASES,India
,Gurgaon,SHREE SHYAM AGENCY  NEW,India
,Bawal,SHREE SHYAM BUILDING MATERIAL SUPPLIERS,India
,Bawal,SHREE SHYAM ELECTRICAL AND HARWARE STORE,India
,Bawal,SHREE SHYAM ENTERPRISES,India
,Bawal,SHREE SHYAM ENTERPRISES BAWAL,India
,Bawal,SHRI BALA JI AIRCON,India
,Bawal,SHRI BALA JI ENTERPRISES,India
,Bawal,SHRI BALA JI STEEL,India
,Bawal,SHRI BALAJI TRADING CO.,India
,Gurgaon,SHRI GANESH AUTO GLASS PVT LTD,India
,New Delhi,SHRI GOBIND HARI MOTORS,India
,Bawal,SHRI KRISHNA AUTOMOBILES,India
,Bawal,SHRI NAINA ENTERPRISES,India
,Manesar,SHRI RAM HARDWARE STORE,India
,Rewari,SHRI RAM PLACEMENT SERVICES,India
,Noida,SHRI RAMA INDUSTRIES,India
,Bawal,SHRI SHYAM ENGINEERING WORK ( BAWAL ),India
,Gurgaon,SHRI SHYAM TRADING,India
,Bawal,SHRI SHYAM TRADING COMPANY,India
,Bawal,SHRI TIRUPATI BALAJI ELECTRONIC PVT LTD,India
,Bawal,SHYAM ENTERPRISES,India
,Manesar,SHYAM HARDWARE STORE,India
,Bawal,SHYAM-CONT_x000D_,India
,Bawal,SHYAMBHIRI-CONT_x000D_,India
,Bawal,SIKANDER-FREIGHT_x000D_,India
,Bawal,SIMANTH KUMAR_x000D_,India
,Bawal,SINGH RAGHVENDRA AMAR,India
,New Delhi,SIPHON ELECTRONICS,India
,Palwal,SITA SINGH & SONS PVT LTD UNIT-II,India
,Gurgaon,SK GOLDEN TRANSPORT CO.,India
,Gurgaon,SKILL KRAFT PRODUCTIONS,India
,Pune,SKM STEEL LIMITED,India
,Gurgaon,SKYWING CARRIERS PVT LTD,India
,Pune,SM AUTO ENGG PVT. LTD,India
,Bawal,SOHAN SINGH KIRYANA STORE- OTHERS,India
,Bawal,SOHAN-CONT_x000D_,India
,New Delhi,SOMANI ENTERPRISES,India
,Bawal,SONI ELECTRIC STORE & REPARING WORKS,India
,Bawal,SONU SINGH-CONT_x000D_,India
,Bawal,SOUBA SINGH - CONT_x000D_,India
,New Delhi,SPARC INFOTECH PVT. LTD.,India
,New Delhi,SPARK WELD & COMPANY,India
,New Delhi,SPECTRO Analytical Labs Ltd.,India
,Noida,SPHEROS MOTHERSON THERMAL SYSTEM LIMITED,India
,New Delhi,SPICEJET LIMITED,India
,Bawal,SPIRE INNOVATIVE EN,India
,Bawal,SQUARE & CIRCLE,India
,Gurgaon,SRG BUILDTECH INDIA PVT. LTD.,India
,Bawal,SRISHTI ENGINEERING,India
,Bawal,SS COMMUNICATION,India
,Gurgaon,SS ENGINEERS,India
,Manesar,SS Ploymers,India
,Mumbai,SSAB SWEDISH STEEL INDIA PVT LTD,India
,New Delhi,SSDN TECH INDIA,India
,Gurgaon,SSV Engineering,India
,Faridabad,STANDARD STRIPS INDIA PVT. LTD,India
,New Delhi,STAR SIGNAGE INDIA,India
,Bawal,STAR SPECIAL AIR GASES (P) LTD - BAWAL,India
,Manesar,STAR SPECIAL AIR GASES (P) LTD.,India
,Gurgaon,STAR WIRE (INDIA) LIMITED,India
,New Delhi,STEEL INDIA CORPORATION,India
,Bawal,SUBHAM TRADING COMPANY,India
,Bawal,SUBHAN CONTRACTOR- OLD,India
,Bawal,SUBODH-CONT,India
,Bawal,SUDARSHAN INDUSTRIES,India
,Bawal,SUDHIR-CONT_x000D_,India
,Bawal,SUJEET NAIR-CONT_x000D_,India
,Bawal,SUMAN,India
,Bawal,SUMIT-CONT_x000D_,India
,Pune,SUN ENGINEERING,India
,Bawal,SUNIL KUMAR (TEA MAKER MANESAR),India
,Bawal,SUNIL-CONT_x000D_,India
,Bawal,SUNILKISHOR-CONT_x000D_,India
,Bawal,SUNILPAL -CONT_x000D_,India
,Bawal,SUNKESH THAKOOR-CONT_x000D_,India
,Pune,SUNRISE ENTERPRISES,India
,New Delhi,SUPREME TOOLS,India
,Bawal,SURAJ  _x000D_,India
,Bawal,SURAJ ELECTRICALS,India
,Bawal,SURENDER PAVITRA BHOJNALYA & CATTERS,India
,Bawal,SURENDER-CONT_x000D_,India
,Bawal,SURENDERA ENTERPRISES,India
,Bawal,SURESH GUPTA _x000D_,India
,Bawal,SURESH KUMAR_x000D_,India
,Bhiwadi,SWARA ENTERPRISES ( CONT. ),India
,Bhiwadi,SWASTIK ENGINEERING,India
,Gurgaon,SWATI RANA,India
,Mumbai,SYNDICATE WIPER SYSTEM PVT. LTD.,India
,New Delhi,Sachdeva Transport Service,India
,New Delhi,Safex Fire Services Ltd.,India
,Gurgaon,Sagar FRP Industries,India
,Manesar,Sagar Scientific  Works India Pvt. Ltd.,India
,Gurgaon,Sai Engineers,India
,Dharuhera,Saini Fabricators,India
,Manesar,Sameer Safety Signage,India
,Bawal,Sandeep  (Plumber),India
,Faridabad,Sandeep Steel Traders,India
,Bawal,Sangam Hardware & Electric Store,India
,Rewari,Sanjay Electricals,India
,New Delhi,Sanjay Steels,India
,Bhiwadi,Sant Aluminium (P) Ltd.,India
,Mumbai,Santosh Distributors,India
,New Delhi,Saraswati Hardware & MILL STORES,India
,Bawal,Saraswati Steel Tube,India
,Bawal,Sarjeet Singh Cont. (Plumbring),India
,New Delhi,Sarna Motor Store,India
,Faridabad,Sarvottam Enterprises,India
,Bawal,Sateesh Kumar,India
,Bawal,Satish Electric Works,India
,Manesar,"Satyaveer Contractor (for ETP, Plant)",India
,New Delhi,Savelite Trading & Fabrication,India
,New Delhi,Sawhney Plastics,India
,Faridabad,Scientific Age Research & Testing Lab PVT LTD,India
,Faridabad,Scientific Agencies (P) Ltd.,India
,New Delhi,Service Equipment Company,India
,New Delhi,Setia Manufacturing Corpn.,India
,New Delhi,Setia Motors,India
,Ahmedabad,Shah Bhogilal Jethalal & Bros.,India
,New Delhi,Shahzad & Company,India
,Rewari,Shanti Filling Station,India
,Bawal,Sharma Engg. & Fabrication Works,India
,Gurgaon,Sharma Foam & Furniture,India
,Bawal,Sharma Hardware & Iron Store,India
,Dharuhera,Sharma Steels & Pipes,India
,Faridabad,Sharma Trade Links,India
,Rewari,Sharma Traders,India
,New Delhi,Sheetal Sales Corporation,India
,New Delhi,Sherawat Timber Traders,India
,Bawal,Shiv Metal Perforators,India
,Bawal,Shiv Nandi Enterprises,India
,Ahmedabad,Shiv Road Carriers,India
,Faridabad,Shiv Shakti Steel & Metals,India
,Bawal,Shiva Crane Service,India
,New Delhi,Shiva Enterprises,India
,Gurgaon,Shivam Battery House,India
,Faridabad,Sholphin India,India
,New Delhi,Show N Shine,India
,Gurgaon,Shree Baba Ji Tempo Service (Ashok Kumar),India
,Gurgaon,Shree Enterprises,India
,New Delhi,Shree Ganesh Fabrices,India
,Gurgaon,Shree Ganesh Glass & H/W Store,India
,Bawal,Shree Kalkaji Filling Station,India
,New Delhi,Shree Krishna Infotech,India
,Rewari,Shree Pipe Agencies,India
,Gurgaon,Shree Prakash Enterprises,India
,Vapi,Shree Ratnesh Roadlines,India
,Manesar,Shree Shyam Agency,India
,Gurgaon,Shree Shyam Aqua,India
,Gurgaon,Shree Shyam Electrical & Networking Solution,India
,Bawal,Shree Shyam Printing Press,India
,Rewari,Shree Wheel,India
,Pune,Shreya Industries,India
,Gurgaon,Shri Ganesh Glass & H/W Store,India
,Bawal,Shri Ganesh Trading Co.,India
,Bawal,Shri Guru Nanak Motor Stores,India
,Jaipur,Shri Radhika Nonwoven (P) Ltd.,India
,Bawal,Shri Ram Satring Store,India
,Gurgaon,Shri Ram Welding Material & Hardware,India
,Bawal,Shri Shyam Transport Co.,India
,Rewari,Shrinarayan Sitaram,India
,Gurgaon,Shrishti Electrical Works,India
,New Delhi,Shwonshine,India
,New Delhi,Shyam Aluminium,India
,Gurgaon,Shyam Trading Co.,India
,Noida,Sign Age (India) Pvt. Ltd.,India
,Gurgaon,Sincere Marketing Services Pvt.Ltd.,India
,Rewari,Sitaram Sofa Maker,India
,Chennai,Snerith Engineers,India
,New Delhi,Softel India,India
,New Delhi,Software Technology Services,India
,Bawal,Sohan Singh (Tea Material Supplier),India
,Bawal,Sohan Singh Kirayana Store,India
,Bawal,Sonam Filling Station,India
,Bhiwadi,Sonu Traders,India
,Bawal,Specific Tools & Engineerng,India
,Chennai,Speedex,India
,New Delhi,Spencer India Technologies Pvt. Ltd.,India
,Rewari,Sri Krisana Enterprises,India
,Mumbai,Star Metal Fabricators,India
,Ghaziabad,Stride Enterprises,India
,Bengaluru,Sudarshan Auto Electrical Components (P) Ltd.,India
,New Delhi,Sudershan Measuring & Engg. (P) Ltd.,India
,New Delhi,Sudesh Prakash Fasteners,India
,Athal,Sudhir Genset Ltd. Athal Unit,India
,Athal,Sudhir Power Ltd.,India
,Ahmedabad,Sudhir Sales & Services Ltd.,India
,New Delhi,Sumer Chand Aggarwal & Sons,India
,Pune,Sun Cabs,India
,Gurgaon,Sun Hydraulics (P) Ltd.,India
,Rewari,Sunil Iron & Machinery Store,India
,Rewari,Sunil Kumar & Sons,India
,Bawal,Sunil Kumar (Disply Boards),India
,Bawal,Sunita Devi Cont.,India
,Gurgaon,Sunrise Electrical & Hardware Traders,India
,Gurgaon,Sunrise Industries,India
,New Delhi,Super Systems,India
,New Delhi,Suraj Awnings & Canopies,India
,Bawal,Surender Singh (for Sachdeva Transport Service),India
,Bawal,Suresh Kumar {Plumber},India
,Faridabad,Surin Electrosys,India
,Gurgaon,Suvidha Industries,India
,Rewari,Svam Power Plants Pvt.Ltd.,India
,Faridabad,Swami Electricals,India
,New Delhi,Swastic Electrical Works,India
,Gurgaon,Swastik Metals,India
,New Delhi,System Solution,India
,Gurgaon,Sytex Scientific Hydraulics (P) Ltd.,India
,Gurgaon,T & T MOTORS PVT LTD,India
,Rewari,T.S.Electric Works,India
,Pune,TALEGAONKAR PROFILES PVT LTD,India
,Bengaluru,TALLY INDIA PRIVATE LIMITED,India
,New Delhi,TANYA CABLETRONICS,India
,Pune,TATA SIA AIRLINES LIMITED,India
,Faridabad,TATA STEEL LIMITED- HARYANA FARIDABAD,India
,New Delhi,TAYAL SCREW INDIA,India
,Noida,TBS A/C TIMES INTERNET LTD.,India
,Manesar,TECH TRIBE INFOWAYS,India
,New Delhi,TECHNO PERFECTO ENGG. CO.,India
,New Delhi,TECHVOS,India
,New Delhi,TERA ELECTRICALS,India
,Pune,THE AUTOMOTIVE RESEARCH ASSOCIATION OF INDIA,India
,Rewari,THE JOB POINT,India
,Gurgaon,THE NATIONAL SMALL INDUSTRIES CORPORATION LIMITED,India
,New Delhi,THE NEW INDIA ASSURANCE CO. LTD,India
,New Delhi,THUKRAL SALES CORPORATION,India
,New Delhi,TOOL BOX PRODUCTION  HOUSE,India
,New Delhi,TOTAL BATTERY SOLUTION,India
,Gurgaon,TOUCHWOOD GIFT,India
,Ramnagar,TOYOTA KIRLOSKAR MOTOR PVT LTD,India
,New Delhi,TRAVEL EXPRESS,India
,Pune,TREATMETAL ENGINEERS,India
,Bawal,TRUMP AUTO,India
,New Delhi,Tara Enterprises,India
,Gurugram,Target Integration Consultancy Pvt Ltd,India
,Bawal,Tata Canter Union,India
,Faridabad,Tata Ryerson Ltd.,India
,Faridabad,Tata Steel Processing & Distribution Ltd.+,India
,Pune,Techno Industries - Pune,India
,Bahadurgarh,Technology Promoters I.P.Ltd.,India
,Rewari,Technomart (AC),India
,New Delhi,Tele Point.Com,India
,Gurgaon,Tempo Automobiles (P) Ltd.,India
,Manesar,Thermo & Allied  Agencies,India
,New Delhi,Thukral Supply Agency,India
,Rewari,Tirupati Motors,India
,Manesar,Trans ACNR Solutions Pvt. Ltd.,India
,Gurgaon,Trimph Auto Engineering (P) Ltd.,India
,New Delhi,Triupati Mangalam Steels,India
,Gurgaon,Triveni Agencies,India
,Pune,Tropicool Car Gadgets (P) Ltd.,India
,Manesar,Tyagi Engineering Works,India
,Gurgaon,Tyagi Safe Weld Enginners,India
,Bhiwadi,Tyagi Sales Corporation,India
,Bawal,UJJWAL-CONT_x000D_,India
,Bawal,UMANG TRADING CO,India
,Bawal,UMESH MISHRA 2,India
,Bawal,UMESH MISHRA _x000D_,India
,New Delhi,UNIQUE SAFETY SOLUTION,India
,Dharuhera,UNIVERSAL ANALYTICAL LAB-2022-23,India
,Noida,URS CERTIFICATION LTD_x000D_,India
,Bhiwadi,URSS TECHSERVICES PVT LTD,India
,Rewari,USHA AGENCIES,India
,Ahmedabad,UTKAL ENGINEERS,India
,Gurgaon,UTTAM TOYOTA,India
,Mumbai,Uma Raodways Corporation,India
,Chandigarh,Unique Carriers Pvt.Ltd.,India
,Faridabad,Unique International,India
,Faridabad,Unique Sales,India
,Gurgaon,Unique Sales Company,India
,Gurgaon,Universal Aluminium Emporium,India
,Ballabgarh,Universal Marketing,India
,New Delhi,Upper Indian Electric Co.,India
,Rewari,V & V Sales Corporation,India
,Bawal,V-TRANS- HARYANA,India
,New Delhi,V.R Electronics,India
,Bhiwadi,V.S.ELECTRICALS,India
,New Delhi,V2 Lights,India
,Rewari,VAIBHAV ENTERPRISES,India
,Bawal,VAIDIC,India
,Noida,VASTA ENGINEERING WORKS,India
,Noida,VATS SYSTEMATIC AUTOMATION LLP,India
,Gurgaon,VIA ROMANAA FASHIONS (I) PVT. LTD.,India
,Bawal,VIBHOR SINGH_x000D_,India
,Ambala,VICKY KUMAR ( CONTRACTOR ),India
,New Delhi,VIJAY ENTERPRISES- OTHES,India
,Bawal,VIJAY SINGH (CONTRACTOR),India
,Sonipat,VIKAS INDUSTRIES,India
,New Delhi,VIKAS STEEL TUBE CO.,India
,Manesar,VINAYAK ELECTRICALS,India
,Manesar,VINAYAK POOLS,India
,New Delhi,VIPIN SHARMA,India
,Mumbai,VIRAMA INDUSTRIES PRIVATE LIMITED,India
,Bawal,VJ COMPUTER,India
,New Delhi,VNS International (P) Ltd.,India
,Bawal,VODAFONE IDEA LIMITED,India
,Bengaluru,VRL LOGISTICS LTD,India
,Mumbai,Vadi Lal Enterprises,India
,Chandigarh,Valco Industries Ltd.,India
,Noida,Valeo Motherson Thermal Commercial Vehicles (I) Ltd,India
,Gurgaon,Vanshika Enterprises,India
,Faridabad,Vasu Steel,India
,Gurgaon,Vic Mac Corporation,India
,Gurgaon,Videocon Industries Ltd.,India
,Bawal,Vijay Airconditioning Works,India
,Ahmedabad,Vikas Refrigeration Agency,India
,Ghaziabad,Vikrant Ispat Udyog,India
,New Delhi,Viney  Electricals,India
,Mumbai,Virama Laminats (P) Ltd.,India
,Gurgaon,Vishal Motors,India
,Jaipur,Vishkarma Eng.Works,India
,Bawal,Vishkarma Iran Store,India
,Gurgaon,Vishnu Steels,India
,Behror,Vishvkarma Electronic & Eletrical Work,India
,Bawal,Vishwakarma Enterprises,India
,New Delhi,Vohra Inter- Com,India
,New Delhi,W-Tech Concepts & Marketing,India
,New Delhi,WALIA & SONS,India
,Gurgaon,WHEELS INDIA LIMITED,India
,New Delhi,WIRE ROPE WORLD,India
,Gurgaon,Wazir Chand Malik & Co.,India
,Gurgaon,Wazir Singh,India
,Gurgaon,Welcome Plywoods,India
,Bhiwadi,Wellpack Industries,India
,New Delhi,Weston Cool Breeze,India
,Hindpur,Wipro Enterprises (P) Ltd.,India
,Gurgaon,Wuerth India Pvt. Ltd,India
,New Delhi,Xpresso Enterprises,India
,Pachgaon,YADAV SALES CORPORATION,India
,Jaipur,YASH VAIBHAV CORPORATION,India
,Rewari,Yadav Cement Store,India
,Rewari,Yadav Enterprises,India
,Dharuhera,Yadav Glassess,India
,New Delhi,Yoam Engineers,India
,New Delhi,Yogendra Electric Co.,India
,New Delhi,ZAHIR AHMED MUNNA,India
,Gurgaon,ZEVAR MAHAL,India
,New Delhi,Zing Acnr (P) Ltd.,India
,Sonipat,A-One Tex Tech Pvt. Ltd.,India
,Manesar,A.K Industries,India
,Alwar,AB Packaging Solutions,India
,Bahadurgarh,AEROL FORMULATIONS PRIVATE LIMITED,India
,Bhiwani,ANSH ENTERPRISES,India
,Mohali,APCOS NATURALS PVT LTD P,India
,Coimbatore,APT TOOLS & MACHINERY INDIA PRIVATE LIMITED,India
,Pune,Accurate Packaging Solutions,India
,Greater Noida,Adeera Packaging Pvt. Ltd.,India
,Delhi,Adhesive Solutions,India
,Haryana,Ajit Industries Pvt Ltd,India
,Chennai,Ajit Industries Pvt. Ltd.,India
,Mohali,Anand Woods Company,India
,Manesar,Anant Industries,India
,Hosur,Annai Screens,India
,Vadodara,Avient Corporation,India
,Pune,Avient Materials India Private Limited,India
,Ballabhgarh,BALAJI THERMOPACK,India
,Delhi,BHAGWAN DASS & SONS (INDIA) PVT. LTD.,India
,Chennai,BINDAL MULTIPACK LLP,India
,Alwar,BOXSMITHS PVT LTD,India
,Chennai,BVM PACK SOLUTIONS PRIVATE LIMITED,India
,Delhi,Baveja Plywood House,India
,Kanpur,Bee Chems,India
,Manesar,Bharti Automation Pvt. Ltd,India
,Chennai,Bindal Multipack LLP,India
,Haridwar,C&S Electric Limited (Haridwar),India
,Chennai,CHENNAI POLYMER HOUSE,India
,Delhi,Century Distributors Pvt. Ltd,India
,Chennai,Chenai Polypack Pvt. Ltd.,India
,Vapi,Composite Strap India Pvt. Ltd.,India
,Manesar,Concept Packaging,India
,Bengaluru,Concept Packaging Hub,India
,Pune,Creative Packaging Solutions,India
,Bengaluru,D S Enterprises,India
,Delhi,DELHI PACKAGING HOUSE,India
,Chengalpattu,DGS ENTERPRISERS,India
,Chennai,DYNAMIC COOLING TOWERS,India
,Udaipur,EASY FLUX POLYMERS PRIVATE LIMITED,India
,Chennai,Eco- Pack (P) Limited,India
,Gurugram,Electrotek Static Controls Pvt.Ltd,India
,Gurugram,Electrotek Static Controls Pvt.Ltd,India
,Manesar,Encore Modular Furniture Pvt. Ltd,India
,Ahmedabad,Excellent Global Endevors LLP,India
,Noida,FERRETERRO INDIA PVT LTD,India
,Ambala,GALAXY PACKAGING MACHINES,India
,Delhi,GLOBAL PACKAGING SOLUTIONS,India
,Sonipat,GOYAL PLYWOOD LLP,India
,Ahmedabad,Gaurav Engineering,India
,Delhi,Ghansham ICE Box,India
,Delhi,Global Art & Crafts,India
,Delhi,Green Pack India,India
,Sonipat,Greenway Packaging,India
,Gurugram,HIMALYA PACKAGING INDUSTRIES,India
,Baddi,Honeyshield Emballeurs,India
,Bengaluru,IMPAKT PACKAGING,India
,Chennai,JAI GANESH POLYPACK,India
,Chennai,JAI SAKTHI PACKAGING,India
,Ahmedabad,JAYSHRI PROPACK PRIVATE LIMITED,India
,Gurugram,JIPSCS INTERNATIONAL PRIVATE LIMITED,India
,Gurugram,JIPSCS INTERNATIONAL PVT LTD,India
,Sangrur,JR AGRO INDUSTRIES,India
,Gurugram,JT Papers,India
,Delhi,Jindal Extrusion,India
,Rajkot,KARAM PET - STRAP INDUSTRIES,India
,Sriperumbudur,KAVIYAN SCIENCE PACK PRIVATE LIMITED,India
,Sausar,KONNECTPACKAGING INTERNATIONAL LLP,India
,Manesar,Kapil Core Pack,India
,Navi Mumbai,Lifeline Technologies,India
,Delhi,M/S Vijay Kumar Jain,India
,New Delhi,MARUTI SUZUKI INDIA LIMITED,India
,Gurugram,MAX AIR HVACS INDUSTRIES,India
,Jamnagar,MEDIPACK INDIA,India
,Pune,MERCEDES-BENZ INDIA PRIVATE LIMITED,India
,Pune,MERCEDES-BENZ INDIA PRIVATE LIMITED,India
,Gummidipoondi,MICO PLAST INDUSTRIES PVT LTD.,India
,Delhi,MLM INDIA LTD,India
,Manesar,MLTC Energy India Pvt. Ltd,India
,Sriperumbudur,MSP Inc,India
,Delhi,Manvi Plast India Pvt. Ltd.,India
,Bengaluru,Marmon Technologies India Pvt Ltd,India
,Ghaziabad,Mauryans Industries,India
,Delhi,More Slides,India
,Delhi,Muskan Enterprises,India
,Delhi,NEXA DESIGN,India
,Alwar,NIRAAJ PACKAGING PRIVATE LIMITED,India
,Ghaziabad,Nidhi Enterprises,India
,Rajkot,OM PLASTIC & PACKSTRAPS LLP,India
,Chennai,P & P Marketing,India
,Manesar,PACKAGING CONCEPTS INDIA,India
,Chittoor,PIC2PAC INDIA PRIVATE LIMITED,India
,Chennai,POLYTAPES INDUSTRIES,India
,Faridabad,PROPAC SALES AND SERVICES,India
,Jhajjar,Packart,India
,Sonipat,Paramount Iron & Steel Works (P) Ltd.,India
,Thane,Polyone Polymers India Private Limited,India
,Chennai,Pon Pure Chemical India Private Limited,India
,Chennai,Pondy Polypack Pvt. Ltd.,India
,Chennai,Pondy Polypack Pvt. Ltd.,India
,Chennai,Popular Plastics,India
,Ghaziabad,Premier Wood Products,India
,Faridabad,Presto Stantest Pvt. Ltd.,India
,Chennai,RAASHI POWERS,India
,Gurugram,RAM Packaging Solutions,India
,Gurugram,RBP SOLUTIONS PRIVATE LIMITED,India
,Faridabad,REGAL ECO PACK,India
,Nagpur,RK Industry,India
,Delhi,ROLLER ACT PRESS SERIVCES,India
,Delhi,Ranjendra,India
,Hosur,Rathna Packaging India Pvt Ltd. (Unit 2),India
,Manesar,Riello Power India Private Limited,India
,Delhi,Rupam Zip Lock,India
,Delhi,Rupam Zip Lock,India
,Manesar,S K Packaging,India
,Manesar,SGM PAPER PRODUCTS,India
,Ahmedabad,SHREE GANESH PACKAGING PRODUCTS,India
,Gurugram,SHRI BHAWANI PACKERS,India
,Delhi,STANDARD PACKAGING,India
,Faridabad,STRIPS INDIA TECHNOVATIONS PRIVATE LIMITED,India
,Bengaluru,Sambhav Foils & Flexibles (25-26),India
,Delhi,Sapphire Print Factory,India
,Chennai,Shakthi Priya Packaging Industries,India
,Gurugram,Shree Ram Packaging Industries,India
,Delhi,Shri Ram Packaging,India
,Bhiwadi,Shyam Flexi Pack Industries,India
,Bhiwadi,Shyam Flexi Pack Industries,India
,Chennai,Skay Polypack LLP,India
,Bhiwadi,Sky Industries,India
,Chennai,South India PolyprobPvt. Ltd.,India
,Chennai,Space age storage concepts Pvt. Ltd.,India
,Secunderabad,Spreme Agencies,India
,Gurugram,Sri Sai Trading Co,India
,Chennai,SriGuru Packaging,India
,Delhi,Star Paper Mills Limited,India
,Greater Noida,Starco Metaplast Pvt. Ltd,India
,Vadodara,Stireem Enterprise,India
,Manesar,Sumi Pack,India
,Delhi,Sun Pack India Industries,India
,Delhi,Surya Kiran Metals Pvt. Ltd,India
,Manesar,T.R Packaging,India
,Noida,TAC Automation Pvt Ltd,India
,Penukonda,THAI PACK TECHNOLOGY PRIVATE LIMITED,India
,Krishnagiri,THE SUPREME INDUSTRIAL LIMITED ( TM),India
,Rasipuram,Tecknode Paper Products,India
,Gandhinagar,Tilak Polypack Private Limited,India
,Noida,Ultimate Flexipack Limited,India
,Faridabad,Unitech Industrial Solutions,India
,New Delhi,VENUS POLYMERS,India
,Chennai,VKM Enterprises,India
,Chennai,Vallabh Techtex Incs,India
,Gurugram,Valvoline Cummins Private Limited,India
,Surat,Variya Enineers,India
,Bhiwadi,WRAPUP PACKAGING INDIA PRIVATE LIMITED,India
,Maraimalai Nagar,Worklink,India
,Gurugram,YADAV MECHANICAL WORKS,India
